{
  "nodes" : [ {
    "css" : { },
    "data" : {
      "sites" : [ {
        "siteBackgroundColor" : "rgb(255,121,91)",
        "siteText" : "p",
        "siteInfo" : "PRKACA_T198 7.648537188283793",
        "siteBorderColor" : "rgb(0,180,20)"
      } ],
      "id" : "PRKACA",
      "text" : "PRKACA"
    }
  }, {
    "css" : { },
    "data" : {
      "sites" : [ {
        "siteBackgroundColor" : "rgb(255,121,91)",
        "siteText" : "p",
        "siteInfo" : "PDPK1_S241 7.648537188283793",
        "siteBorderColor" : "rgb(0,180,20)"
      } ],
      "id" : "PDPK1",
      "text" : "PDPK1"
    }
  }, {
    "css" : { },
    "data" : {
      "sites" : [ {
        "siteBackgroundColor" : "rgb(255,177,159)",
        "siteText" : "p",
        "siteInfo" : "MARCKS_S101 4.466230670120745",
        "siteBorderColor" : "rgb(50,50,50)"
      } ],
      "id" : "MARCKS",
      "text" : "MARCKS"
    }
  }, {
    "css" : { },
    "data" : {
      "sites" : [ {
        "siteBackgroundColor" : "rgb(255,130,102)",
        "siteText" : "p",
        "siteInfo" : "PRKCA_T497 7.130755428235164",
        "siteBorderColor" : "rgb(0,180,20)"
      } ],
      "id" : "PRKCA",
      "text" : "PRKCA"
    }
  }, {
    "css" : { },
    "data" : {
      "sites" : [ {
        "siteBackgroundColor" : "rgb(255,121,91)",
        "siteText" : "p",
        "siteInfo" : "STMN1_S25 7.648537188283793",
        "siteBorderColor" : "rgb(180,0,20)"
      } ],
      "id" : "STMN1",
      "text" : "STMN1"
    }
  }, {
    "css" : { },
    "data" : {
      "sites" : [ {
        "siteBackgroundColor" : "rgb(255,130,102)",
        "siteText" : "p",
        "siteInfo" : "PRKCB_T641 7.130755428235164",
        "siteBorderColor" : "rgb(50,50,50)"
      }, {
        "siteBackgroundColor" : "rgb(255,121,91)",
        "siteText" : "p",
        "siteInfo" : "PRKCB_S660 7.648537188283793",
        "siteBorderColor" : "rgb(0,180,20)"
      }, {
        "siteBackgroundColor" : "rgb(255,130,102)",
        "siteText" : "p",
        "siteInfo" : "PRKCB_T642 7.130755428235164",
        "siteBorderColor" : "rgb(0,180,20)"
      } ],
      "id" : "PRKCB",
      "text" : "PRKCB"
    }
  }, {
    "css" : { },
    "data" : {
      "sites" : [ {
        "siteBackgroundColor" : "rgb(255,205,194)",
        "siteText" : "p",
        "siteInfo" : "GSK3B_Y216 2.82994733783357",
        "siteBorderColor" : "rgb(0,180,20)"
      } ],
      "id" : "GSK3B",
      "text" : "GSK3B"
    }
  }, {
    "css" : { },
    "data" : {
      "sites" : [ {
        "siteBackgroundColor" : "rgb(255,121,91)",
        "siteText" : "p",
        "siteInfo" : "PRKACA_T198 7.648537188283793",
        "siteBorderColor" : "rgb(0,180,20)"
      } ],
      "id" : "PRKACG",
      "text" : "PRKACG"
    }
  }, {
    "css" : { },
    "data" : {
      "sites" : [ {
        "siteBackgroundColor" : "rgb(255,205,194)",
        "siteText" : "p",
        "siteInfo" : "MTOR_S2481 2.82994733783357",
        "siteBorderColor" : "rgb(0,180,20)"
      } ],
      "id" : "MTOR",
      "text" : "MTOR"
    }
  }, {
    "css" : { },
    "data" : {
      "sites" : [ {
        "siteBackgroundColor" : "rgb(255,205,194)",
        "siteText" : "p",
        "siteInfo" : "BRAF_S446 2.829058575260872",
        "siteBorderColor" : "rgb(0,180,20)"
      } ],
      "id" : "BRAF",
      "text" : "BRAF"
    }
  }, {
    "css" : { },
    "data" : {
      "sites" : [ {
        "siteBackgroundColor" : "rgb(255,121,91)",
        "siteText" : "p",
        "siteInfo" : "PRKACA_T198 7.648537188283793",
        "siteBorderColor" : "rgb(0,180,20)"
      } ],
      "id" : "PRKACB",
      "text" : "PRKACB"
    }
  }, {
    "css" : { },
    "data" : {
      "sites" : [ {
        "siteBackgroundColor" : "rgb(255,209,199)",
        "siteText" : "p",
        "siteInfo" : "MAP2K4_S257 2.6258510334792184",
        "siteBorderColor" : "rgb(0,180,20)"
      } ],
      "id" : "MAP2K4",
      "text" : "MAP2K4"
    }
  } ],
  "edges" : [ {
    "data" : {
      "tooltipText" : "PRKACA-T198",
      "edgeType" : "phosphorylates",
      "source" : "PDPK1",
      "pcLinks" : [ "PMID:9707564", "PMID:12372837" ],
      "target" : "PRKACA"
    }
  }, {
    "data" : {
      "tooltipText" : "MARCKS-S170-S118-S159-S46-S167-S101-S27-S163-S81",
      "edgeType" : "phosphorylates",
      "source" : "PRKCA",
      "pcLinks" : [ "PMID:20068231", "PMID:18510355", "PMID:19664994", "PMID:19664995", "PMID:17287340", "PMID:18578522", "PMID:17924679", "PMID:16116087", "PMID:11930178", "PMID:18491316", "PMID:20166139", "http://identifiers.org/reactome/R-HSA-399978", "PMID:18767875", "PMID:1650359", "PMID:18669648", "PMID:17322306", "PMID:18452278", "PMID:18212344", "http://pathwaycommons.org/pc12/Catalysis_efadcded9f0060efab5fb2beb884caec", "PMID:8034575", "PMID:20058876", "PMID:18707149", "PMID:19651622", "PMID:2473066", "PMID:8557118", "PMID:19413330" ],
      "target" : "MARCKS"
    }
  }, {
    "data" : {
      "tooltipText" : "STMN1-S25-S38",
      "edgeType" : "phosphorylates",
      "source" : "PRKCB",
      "pcLinks" : [ "PMID:8314790", "PMID:7637391", "PMID:9271428" ],
      "target" : "STMN1"
    }
  }, {
    "data" : {
      "tooltipText" : "PRKCA-T497",
      "edgeType" : "phosphorylates",
      "source" : "PDPK1",
      "pcLinks" : [ "http://pathwaycommons.org/pc12/Catalysis_5492398368daf5cdc282966cb79b68b6", "http://identifiers.org/reactome/R-HSA-5218821" ],
      "target" : "PRKCA"
    }
  } ]
}