{
  "nodes" : [ {
    "css" : { },
    "data" : {
      "sites" : [ {
        "siteBackgroundColor" : "rgb(190,202,255)",
        "siteText" : "p",
        "siteInfo" : "GSK3B_S9 -3.001358614787767",
        "siteBorderColor" : "rgb(180,0,20)"
      } ],
      "id" : "GSK3B",
      "text" : "GSK3B"
    }
  }, {
    "css" : {
      "borderColor" : "rgb(180,0,20)"
    },
    "data" : {
      "sites" : [ {
        "siteBackgroundColor" : "rgb(234,238,255)",
        "siteText" : "i",
        "siteInfo" : "AURKA-inactive-by-network-sig -1.0",
        "siteBorderColor" : "rgb(0,180,20)"
      } ],
      "id" : "AURKA",
      "text" : "AURKA"
    }
  }, {
    "css" : { },
    "data" : {
      "sites" : [ {
        "siteBackgroundColor" : "rgb(137,159,255)",
        "siteText" : "p",
        "siteInfo" : "MYC_S62 -5.504412510093057",
        "siteBorderColor" : "rgb(0,180,20)"
      } ],
      "id" : "MYC",
      "text" : "MYC"
    }
  }, {
    "css" : {
      "borderColor" : "rgb(180,0,20)"
    },
    "data" : {
      "sites" : [ {
        "siteBackgroundColor" : "rgb(234,238,255)",
        "siteText" : "i",
        "siteInfo" : "MTOR-inactive-by-network-sig -1.0",
        "siteBorderColor" : "rgb(0,180,20)"
      }, {
        "siteBackgroundColor" : "rgb(171,187,255)",
        "siteText" : "p",
        "siteInfo" : "MTOR_S2448 -3.9099694041467834",
        "siteBorderColor" : "rgb(0,180,20)"
      } ],
      "id" : "MTOR",
      "text" : "MTOR"
    }
  }, {
    "css" : { },
    "data" : {
      "sites" : [ {
        "siteBackgroundColor" : "rgb(255,175,156)",
        "siteText" : "p",
        "siteInfo" : "IRS2_Y675 4.59098895308495",
        "siteBorderColor" : "rgb(50,50,50)"
      }, {
        "siteBackgroundColor" : "rgb(255,198,185)",
        "siteText" : "p",
        "siteInfo" : "IRS2_S915 3.244804379540696",
        "siteBorderColor" : "rgb(50,50,50)"
      } ],
      "id" : "IRS2",
      "text" : "IRS2"
    }
  }, {
    "css" : { },
    "data" : {
      "sites" : [ {
        "siteBackgroundColor" : "rgb(255,187,171)",
        "siteText" : "p",
        "siteInfo" : "INSR_Y1189 3.9099694041467834",
        "siteBorderColor" : "rgb(0,180,20)"
      } ],
      "id" : "INSR",
      "text" : "INSR"
    }
  }, {
    "css" : {
      "borderColor" : "rgb(180,0,20)"
    },
    "data" : {
      "sites" : [ {
        "siteBackgroundColor" : "rgb(234,238,255)",
        "siteText" : "i",
        "siteInfo" : "AKT1-inactive-by-network-sig -1.0",
        "siteBorderColor" : "rgb(0,180,20)"
      }, {
        "siteBackgroundColor" : "rgb(150,169,255)",
        "siteText" : "p",
        "siteInfo" : "AKT1_S473 -4.9033174664056896",
        "siteBorderColor" : "rgb(0,180,20)"
      } ],
      "id" : "AKT1",
      "text" : "AKT1"
    }
  }, {
    "css" : {
      "borderColor" : "rgb(180,0,20)"
    },
    "data" : {
      "sites" : [ {
        "siteBackgroundColor" : "rgb(166,182,255)",
        "siteText" : "p",
        "siteInfo" : "AKT2_S474 -4.156457112888686",
        "siteBorderColor" : "rgb(0,180,20)"
      }, {
        "siteBackgroundColor" : "rgb(234,238,255)",
        "siteText" : "i",
        "siteInfo" : "AKT2-inactive-by-network-sig -1.0",
        "siteBorderColor" : "rgb(0,180,20)"
      } ],
      "id" : "AKT2",
      "text" : "AKT2"
    }
  }, {
    "css" : {
      "borderColor" : "rgb(180,0,20)"
    },
    "data" : {
      "sites" : [ {
        "siteBackgroundColor" : "rgb(234,238,255)",
        "siteText" : "i",
        "siteInfo" : "AKT3-inactive-by-network-sig -1.0",
        "siteBorderColor" : "rgb(0,180,20)"
      } ],
      "id" : "AKT3",
      "text" : "AKT3"
    }
  }, {
    "css" : {
      "borderColor" : "rgb(180,0,20)"
    },
    "data" : {
      "sites" : [ {
        "siteBackgroundColor" : "rgb(234,238,255)",
        "siteText" : "i",
        "siteInfo" : "MLST8-inactive-by-network-sig -1.0",
        "siteBorderColor" : "rgb(0,180,20)"
      } ],
      "id" : "MLST8",
      "text" : "MLST8"
    }
  }, {
    "css" : { },
    "data" : {
      "sites" : [ {
        "siteBackgroundColor" : "rgb(161,178,255)",
        "siteText" : "p",
        "siteInfo" : "EIF4EBP1_S65 -4.386041184850243",
        "siteBorderColor" : "rgb(180,0,20)"
      }, {
        "siteBackgroundColor" : "rgb(166,182,255)",
        "siteText" : "p",
        "siteInfo" : "EIF4EBP1_T37_T46 -4.156457112888686",
        "siteBorderColor" : "rgb(180,0,20)"
      } ],
      "id" : "EIF4EBP1",
      "text" : "EIF4EBP1"
    }
  }, {
    "css" : { },
    "data" : {
      "sites" : [ {
        "siteBackgroundColor" : "rgb(166,182,255)",
        "siteText" : "p",
        "siteInfo" : "RICTOR_T1135 -4.156457112888686",
        "siteBorderColor" : "rgb(180,0,20)"
      } ],
      "id" : "RICTOR",
      "text" : "RICTOR"
    }
  }, {
    "css" : { },
    "data" : {
      "sites" : [ {
        "siteBackgroundColor" : "rgb(190,202,255)",
        "siteText" : "p",
        "siteInfo" : "FOXO1_S319 -3.034728209131088",
        "siteBorderColor" : "rgb(180,0,20)"
      } ],
      "id" : "FOXO1",
      "text" : "FOXO1"
    }
  }, {
    "css" : { },
    "data" : {
      "sites" : [ {
        "siteBackgroundColor" : "rgb(204,214,255)",
        "siteText" : "p",
        "siteInfo" : "FOXO3_T32 -2.3672667117356387",
        "siteBorderColor" : "rgb(180,0,20)"
      } ],
      "id" : "FOXO3",
      "text" : "FOXO3"
    }
  }, {
    "css" : {
      "borderColor" : "rgb(180,0,20)"
    },
    "data" : {
      "sites" : [ {
        "siteBackgroundColor" : "rgb(234,238,255)",
        "siteText" : "i",
        "siteInfo" : "RPS6KB1-inactive-by-network-sig -1.0",
        "siteBorderColor" : "rgb(0,180,20)"
      } ],
      "id" : "RPS6KB1",
      "text" : "RPS6KB1"
    }
  }, {
    "css" : { },
    "data" : {
      "sites" : [ {
        "siteBackgroundColor" : "rgb(171,187,255)",
        "siteText" : "p",
        "siteInfo" : "ULK1_S758 -3.9099694041467834",
        "siteBorderColor" : "rgb(180,0,20)"
      } ],
      "id" : "ULK1",
      "text" : "ULK1"
    }
  }, {
    "css" : { },
    "data" : {
      "sites" : [ {
        "siteBackgroundColor" : "rgb(234,238,255)",
        "siteText" : "i",
        "siteInfo" : "PIK3CA-inactive -1.0",
        "siteBorderColor" : "rgb(0,180,20)"
      } ],
      "id" : "PIK3CA",
      "text" : "PIK3CA"
    }
  }, {
    "css" : { },
    "data" : {
      "sites" : [ {
        "siteBackgroundColor" : "rgb(127,151,255)",
        "siteText" : "p",
        "siteInfo" : "RPS6_S240 -5.953469162158158",
        "siteBorderColor" : "rgb(0,180,20)"
      } ],
      "id" : "RPS6",
      "text" : "RPS6"
    }
  }, {
    "css" : { },
    "data" : {
      "sites" : [ {
        "siteBackgroundColor" : "rgb(197,208,255)",
        "siteText" : "p",
        "siteInfo" : "AKT1S1_T246 -2.711575090758945",
        "siteBorderColor" : "rgb(180,0,20)"
      } ],
      "id" : "AKT1S1",
      "text" : "AKT1S1"
    }
  }, {
    "css" : { },
    "data" : {
      "sites" : [ {
        "siteBackgroundColor" : "rgb(255,208,198)",
        "siteText" : "p",
        "siteInfo" : "PRKCB_T642 2.6658175160701036",
        "siteBorderColor" : "rgb(0,180,20)"
      } ],
      "id" : "PRKCB",
      "text" : "PRKCB"
    }
  }, {
    "css" : { },
    "data" : {
      "sites" : [ {
        "siteBackgroundColor" : "rgb(255,182,166)",
        "siteText" : "p",
        "siteInfo" : "TPX2_S257 4.156457112888686",
        "siteBorderColor" : "rgb(50,50,50)"
      } ],
      "id" : "TPX2",
      "text" : "TPX2"
    }
  }, {
    "css" : { },
    "data" : {
      "sites" : [ {
        "siteBackgroundColor" : "rgb(255,176,158)",
        "siteText" : "p",
        "siteInfo" : "AURKB_T232 4.531197094543563",
        "siteBorderColor" : "rgb(0,180,20)"
      } ],
      "id" : "AURKB",
      "text" : "AURKB"
    }
  }, {
    "css" : { },
    "data" : {
      "sites" : [ {
        "siteBackgroundColor" : "rgb(198,208,255)",
        "siteText" : "p",
        "siteInfo" : "PIK3R1_Y679 -2.6658175160701036",
        "siteBorderColor" : "rgb(50,50,50)"
      } ],
      "id" : "PIK3R1",
      "text" : "PIK3R1"
    }
  }, {
    "css" : { },
    "data" : {
      "sites" : [ {
        "siteBackgroundColor" : "rgb(255,161,140)",
        "siteText" : "p",
        "siteInfo" : "EIF2A_T518 5.366631359118292",
        "siteBorderColor" : "rgb(50,50,50)"
      } ],
      "id" : "EIF2A",
      "text" : "EIF2A"
    }
  }, {
    "css" : { },
    "data" : {
      "sites" : [ {
        "siteBackgroundColor" : "rgb(255,182,166)",
        "siteText" : "p",
        "siteInfo" : "BCL2_S70 4.156457112888686",
        "siteBorderColor" : "rgb(180,0,20)"
      } ],
      "id" : "BCL2",
      "text" : "BCL2"
    }
  }, {
    "css" : { },
    "data" : {
      "sites" : [ {
        "siteBackgroundColor" : "rgb(166,182,255)",
        "siteText" : "p",
        "siteInfo" : "BRAF_T401 -4.156457112888686",
        "siteBorderColor" : "rgb(180,0,20)"
      } ],
      "id" : "BRAF",
      "text" : "BRAF"
    }
  }, {
    "css" : { },
    "data" : {
      "sites" : [ {
        "siteBackgroundColor" : "rgb(255,214,205)",
        "siteText" : "p",
        "siteInfo" : "ARAF_T181 2.3148840251462817",
        "siteBorderColor" : "rgb(50,50,50)"
      } ],
      "id" : "ARAF",
      "text" : "ARAF"
    }
  }, {
    "css" : { },
    "data" : {
      "sites" : [ {
        "siteBackgroundColor" : "rgb(202,211,255)",
        "siteText" : "p",
        "siteInfo" : "RB1_S780 -2.486752730443267",
        "siteBorderColor" : "rgb(180,0,20)"
      } ],
      "id" : "RB1",
      "text" : "RB1"
    }
  }, {
    "css" : { },
    "data" : {
      "sites" : [ {
        "siteBackgroundColor" : "rgb(255,208,197)",
        "siteText" : "p",
        "siteInfo" : "ZNF638_S383 2.6892033222707266",
        "siteBorderColor" : "rgb(50,50,50)"
      } ],
      "id" : "ZNF638",
      "text" : "ZNF638"
    }
  } ],
  "edges" : [ {
    "data" : {
      "tooltipText" : "GSK3B-S9",
      "edgeType" : "phosphorylates",
      "source" : "AURKA",
      "pcLinks" : [ "PMID:19060929" ],
      "target" : "GSK3B"
    }
  }, {
    "data" : {
      "tooltipText" : "MYC-S62",
      "edgeType" : "phosphorylates",
      "source" : "MTOR",
      "pcLinks" : [ "PMID:21659604" ],
      "target" : "MYC"
    }
  }, {
    "data" : {
      "tooltipText" : "IRS2-Y675-Y632-Y628",
      "edgeType" : "phosphorylates",
      "source" : "INSR",
      "pcLinks" : [ "PMID:20068231", "http://pathwaycommons.org/pc12/Catalysis_80d8bc7cde2239e68520a583c79e0033", "PMID:9195949", "http://pathwaycommons.org/pc12/Catalysis_35da82242b43624226bea2ae24d7b21e", "http://pathwaycommons.org/pc12/Catalysis_afce401ed0314d89c6e0e5128250c759", "http://pathwaycommons.org/pc12/BiochemicalReaction_9c7703dcc956e4c6c1dc2d3678a28efc", "http://pathwaycommons.org/pc12/Catalysis_26792b2a9280e5f0da74f7d3ffeebaee", "http://pathwaycommons.org/pc12/Catalysis_417c82cf2df198b14966bb093256e550", "http://pathwaycommons.org/pc12/BiochemicalReaction_32f7d5b7f4781c936079521b81d76bcc", "http://pathwaycommons.org/pc12/BiochemicalReaction_ec4459c4f3f90be771e688e1173dd32b", "PMID:19901323", "http://identifiers.org/reactome/R-HSA-74711", "http://pathwaycommons.org/pc12/BiochemicalReaction_b6b89786f9e6667d14b44f7f3d6088d0" ],
      "target" : "IRS2"
    }
  }, {
    "data" : {
      "tooltipText" : "GSK3B-S9",
      "edgeType" : "phosphorylates",
      "source" : "AKT1",
      "pcLinks" : [ "http://pathwaycommons.org/pc12/BiochemicalReaction_4b5a5814e1f8be952e6f4f3dcadb6c9a", "PMID:15457186", "http://pathwaycommons.org/pc12/BiochemicalReaction_c84e2f25ac2754ddb3c394ef178d3eb6", "PMID:23552696", "http://pathwaycommons.org/pc12/Catalysis_6e2ebab194ddfb64f06d37834964f7cf", "http://pathwaycommons.org/pc12/BiochemicalReaction_de7376f8dffdb9fed993f8d404cbb3f4", "http://pathwaycommons.org/pc12/BiochemicalReaction_179780b13d68f420970ee52c81a7fd2b", "http://pathwaycommons.org/pc12/BiochemicalReaction_e25b480daccbf21c1beead49ee1884fb", "PMID:11577096", "http://pathwaycommons.org/pc12/Catalysis_df1a2ec7c3a3e091a05dafd6a3cb7335", "http://pathwaycommons.org/pc12/Catalysis_f3a8e8c0ea4b34b3987d4081ff067925", "http://pathwaycommons.org/pc12/Catalysis_3c2eab2319beb42c086b1c7a1ee27b92", "PMID:8985174", "http://pathwaycommons.org/pc12/Catalysis_c0487d40afe1d351cd2e4977e37f3434", "PMID:12054501", "http://pathwaycommons.org/pc12/BiochemicalReaction_2d24ca2878a920e35130386fd95c73f6", "http://pathwaycommons.org/pc12/BiochemicalReaction_b2d354a0230c665acbfabe1c1f5408db", "http://pathwaycommons.org/pc12/Catalysis_afdb0da280f8fcf727957b3ab79388d1", "http://identifiers.org/reactome/R-HSA-2399966", "http://pathwaycommons.org/pc12/BiochemicalReaction_5218c73232bde22841a9fcccd2f2a000", "http://pathwaycommons.org/pc12/BiochemicalReaction_2e06d0e842441104c0587571399ad7cb", "http://pathwaycommons.org/pc12/Catalysis_86c5e126fda135b9f5644cba6a080b92", "http://pathwaycommons.org/pc12/BiochemicalReaction_2173fc27722a3abe77402e039e42eda2", "PMID:18669648", "PMID:11563975", "PMID:11340086", "http://pathwaycommons.org/pc12/Catalysis_7e3514228acb804480cff5523ca55f1d", "PMID:18691976", "http://pathwaycommons.org/pc12/Catalysis_83ce84326316aacd7f0d5be444d6e262", "http://pathwaycommons.org/pc12/Catalysis_f7282ca8aa3e218a5389ea9bb74b2b09", "http://identifiers.org/reactome/R-HSA-198371", "PMID:9373175", "http://pathwaycommons.org/pc12/Catalysis_52418fb25104907108a7bcd78b04f5e0", "http://pathwaycommons.org/pc12/Catalysis_c559a7e1bc627c25adfef02f369d8df5", "http://pathwaycommons.org/pc12/Catalysis_1ef0fb463460460a99989e7d1570d753", "PMID:12900420", "http://pathwaycommons.org/pc12/BiochemicalReaction_57726b1d8ea573e1a26cda678ad06bfd" ],
      "target" : "GSK3B"
    }
  }, {
    "data" : {
      "tooltipText" : "GSK3B-S9",
      "edgeType" : "phosphorylates",
      "source" : "AKT2",
      "pcLinks" : [ "http://pathwaycommons.org/pc12/BiochemicalReaction_4b5a5814e1f8be952e6f4f3dcadb6c9a", "http://pathwaycommons.org/pc12/Catalysis_7e3514228acb804480cff5523ca55f1d", "PMID:23552696", "http://pathwaycommons.org/pc12/BiochemicalReaction_179780b13d68f420970ee52c81a7fd2b", "http://pathwaycommons.org/pc12/Catalysis_85358c63b5a0d225fda7e85dfb1510a3", "http://pathwaycommons.org/pc12/Catalysis_f7282ca8aa3e218a5389ea9bb74b2b09", "http://pathwaycommons.org/pc12/BiochemicalReaction_3a7e420ac40bed43cb26414f7e2b81ff", "http://pathwaycommons.org/pc12/Catalysis_df1a2ec7c3a3e091a05dafd6a3cb7335", "http://identifiers.org/reactome/R-HSA-198371", "http://pathwaycommons.org/pc12/Catalysis_f3a8e8c0ea4b34b3987d4081ff067925", "http://pathwaycommons.org/pc12/Catalysis_52418fb25104907108a7bcd78b04f5e0", "http://pathwaycommons.org/pc12/BiochemicalReaction_5edc78ae70ee981e3b0961b59bef9017", "http://pathwaycommons.org/pc12/BiochemicalReaction_2d24ca2878a920e35130386fd95c73f6", "http://pathwaycommons.org/pc12/BiochemicalReaction_b2d354a0230c665acbfabe1c1f5408db", "http://pathwaycommons.org/pc12/Catalysis_3d4b2c359c39c167b551a35bec271e06" ],
      "target" : "GSK3B"
    }
  }, {
    "data" : {
      "tooltipText" : "GSK3B-S9",
      "edgeType" : "phosphorylates",
      "source" : "AKT3",
      "pcLinks" : [ "http://pathwaycommons.org/pc12/BiochemicalReaction_4b5a5814e1f8be952e6f4f3dcadb6c9a", "http://pathwaycommons.org/pc12/Catalysis_52418fb25104907108a7bcd78b04f5e0", "http://pathwaycommons.org/pc12/Catalysis_7e3514228acb804480cff5523ca55f1d", "PMID:23552696", "http://pathwaycommons.org/pc12/BiochemicalReaction_2d24ca2878a920e35130386fd95c73f6", "http://pathwaycommons.org/pc12/BiochemicalReaction_b2d354a0230c665acbfabe1c1f5408db", "http://pathwaycommons.org/pc12/BiochemicalReaction_179780b13d68f420970ee52c81a7fd2b", "http://pathwaycommons.org/pc12/Catalysis_f7282ca8aa3e218a5389ea9bb74b2b09", "http://pathwaycommons.org/pc12/Catalysis_df1a2ec7c3a3e091a05dafd6a3cb7335", "http://identifiers.org/reactome/R-HSA-198371", "http://pathwaycommons.org/pc12/Catalysis_f3a8e8c0ea4b34b3987d4081ff067925" ],
      "target" : "GSK3B"
    }
  }, {
    "data" : {
      "tooltipText" : "MYC-S62",
      "edgeType" : "dephosphorylates",
      "source" : "GSK3B",
      "pcLinks" : [ "http://pathwaycommons.org/pc12/BiochemicalReaction_cd76c457cb5eed5f32bb29acb4bac48d", "http://pathwaycommons.org/pc12/Catalysis_91126d05139f6b3ecd92877ab807a072" ],
      "target" : "MYC"
    }
  }, {
    "data" : {
      "tooltipText" : "MYC-T58-S62",
      "edgeType" : "phosphorylates",
      "source" : "AURKA",
      "pcLinks" : [ "PMID:27795300", "PMID:27213815", "PMID:11243879", "PMID:19028839", "PMID:25893300", "PMID:15150404", "PMID:15673569", "PMID:22025562", "PMID:18408012", "PMID:26687678", "PMID:14563837", "PMID:19131971", "PMID:16537924", "PMID:25438055", "PMID:23318434", "PMID:11018017", "PMID:11904304", "PMID:15103331", "PMID:27653698", "PMID:10706881", "PMID:21808024", "PMID:23716601", "PMID:11877389", "PMID:24030976", "PMID:26235622", "PMID:16452238", "PMID:25944903", "PMID:24998853", "PMID:20140016", "PMID:10866684", "PMID:10551811", "PMID:27002159", "PMID:8386367", "PMID:10713166", "PMID:21441954", "PMID:16483932", "PMID:17634226" ],
      "target" : "MYC"
    }
  }, {
    "data" : {
      "tooltipText" : "AKT1-S473",
      "edgeType" : "phosphorylates",
      "source" : "MLST8",
      "pcLinks" : [ "http://identifiers.org/reactome/R-HSA-198640", "http://pathwaycommons.org/pc12/Catalysis_a45073af2507ad7c55289ab5aa80c5cd", "http://pathwaycommons.org/pc12/BiochemicalReaction_beff505f65882d3b2a60512064999ac7", "http://pathwaycommons.org/pc12/BiochemicalReaction_39c8f538aee6678e40d4ad1e24030192", "http://pathwaycommons.org/pc12/Catalysis_43eaa494c3f0ee1304271c6f074554d3", "http://pathwaycommons.org/pc12/Catalysis_ab53c02bdf8618fa4a28d8238eb06765", "http://pathwaycommons.org/pc12/Catalysis_fed7862f36722abd04069ccc076275eb", "http://pathwaycommons.org/pc12/BiochemicalReaction_9724683fffbe7423b802e4d602392846", "http://pathwaycommons.org/pc12/BiochemicalReaction_4ef3646a908e88e0955c7a7b43314e12", "http://pathwaycommons.org/pc12/BiochemicalReaction_4eae0a785bfee01e841b23d7c08b1e9d", "http://pathwaycommons.org/pc12/Catalysis_6e09d19e8193c6ae303347a4af9df844", "http://pathwaycommons.org/pc12/Catalysis_12de0eb61bbbd330e152d70cfe482497", "http://pathwaycommons.org/pc12/Catalysis_844d7a55a8f0bb883538270702a66a93", "http://identifiers.org/reactome/R-HSA-2243938" ],
      "target" : "AKT1"
    }
  }, {
    "data" : {
      "tooltipText" : "EIF4EBP1-T41-S44-S65-T45-T36-T46-T37-S101-T70-S83",
      "edgeType" : "phosphorylates",
      "source" : "MTOR",
      "pcLinks" : [ "PMID:20068231", "http://pathwaycommons.org/pc12/Catalysis_66387289c3e9ee1a6d92940f40893e56", "PMID:19664995", "PMID:17386266", "http://identifiers.org/reactome/R-HSA-5672887", "PMID:17287340", "PMID:12370290", "PMID:9465032", "PMID:21659604", "http://pathwaycommons.org/pc12/Catalysis_d991647f07dad08161ac33d9dd6678c0", "PMID:18220336", "http://pathwaycommons.org/pc12/Catalysis_91b52cea7b9af72e5432a09ccca4eb81", "http://pathwaycommons.org/pc12/BiochemicalReaction_7c56245afb885d6e61771cef3441e225", "PMID:9405468", "PMID:18767875", "PMID:12912989", "http://pathwaycommons.org/pc12/BiochemicalReaction_8cca76168546d0eb3f8cb1acac9eff34", "PMID:19346248", "PMID:18669648", "PMID:9204908", "http://pathwaycommons.org/pc12/Catalysis_b521b42948efd832f2b88ac5ce1add36", "PMID:20537536", "PMID:10942774", "http://identifiers.org/reactome/R-HSA-165692", "PMID:11777913", "PMID:10779345", "PMID:9092573", "http://pathwaycommons.org/pc12/BiochemicalReaction_16368bea4f5aa7bacc5a7c07177d5b7e", "http://pathwaycommons.org/pc12/BiochemicalReaction_2f4fca1b12889cfafdaa7d5b03c60f07", "PMID:19651622", "PMID:17081983", "http://pathwaycommons.org/pc12/Catalysis_d965fb2eb50d22abe8730e6a8706e352", "http://pathwaycommons.org/pc12/Catalysis_b27a758dbc2959cd2af849e9d312b13e", "http://pathwaycommons.org/pc12/BiochemicalReaction_05b72eb5b48ad9205098d47ca3db10e2", "PMID:19413330", "PMID:20804212", "PMID:12747827" ],
      "target" : "EIF4EBP1"
    }
  }, {
    "data" : {
      "tooltipText" : "EIF4EBP1-S65-T46-T37",
      "edgeType" : "phosphorylates",
      "source" : "AKT1",
      "pcLinks" : [ "PMID:18669648", "PMID:19651622", "PMID:20068231", "PMID:19664995", "http://pathwaycommons.org/pc12/Catalysis_40c8ff0302697198bbb70d23a6796a15", "PMID:11777913", "PMID:18767875", "PMID:17287340", "PMID:19413330", "http://pathwaycommons.org/pc12/BiochemicalReaction_89833c4441ce2eb4d3d963dbe8a6793e" ],
      "target" : "EIF4EBP1"
    }
  }, {
    "data" : {
      "tooltipText" : "RICTOR-T1135",
      "edgeType" : "phosphorylates",
      "source" : "AKT1",
      "pcLinks" : [ "PMID:20832730" ],
      "target" : "RICTOR"
    }
  }, {
    "data" : {
      "tooltipText" : "AKT2-S474",
      "edgeType" : "phosphorylates",
      "source" : "MLST8",
      "pcLinks" : [ "http://identifiers.org/reactome/R-HSA-198640", "http://pathwaycommons.org/pc12/Catalysis_a45073af2507ad7c55289ab5aa80c5cd" ],
      "target" : "AKT2"
    }
  }, {
    "data" : {
      "tooltipText" : "FOXO1-S256-T24-S319",
      "edgeType" : "phosphorylates",
      "source" : "AKT2",
      "pcLinks" : [ "http://pathwaycommons.org/pc12/Catalysis_ab759ec794b7ad23812972ecd9d7465f", "http://pathwaycommons.org/pc12/BiochemicalReaction_a544b756b28a76c3b7392e25d057d853", "http://pathwaycommons.org/pc12/BiochemicalReaction_c0e61e76eef0765c278c3fc1880d6f77", "http://identifiers.org/reactome/R-HSA-199299", "http://pathwaycommons.org/pc12/Catalysis_f2f1c8cd78e2bedfbbb503bc0b5bd707", "http://identifiers.org/reactome/R-HSA-211164", "http://pathwaycommons.org/pc12/Catalysis_e4b3e9bcf77d70014ef41cb14f3a4cfa", "http://pathwaycommons.org/pc12/BiochemicalReaction_f623957dba67dd6e366ee01e791381d8", "http://pathwaycommons.org/pc12/Catalysis_c2928285afd79ff4cbf59ae39d044fa8", "PMID:10377430", "http://pathwaycommons.org/pc12/Catalysis_0f2aef58834b38fb20281ea533019fdf", "http://pathwaycommons.org/pc12/Catalysis_9dbf65bd2ee11413df0a8ba8943fa1c7", "http://pathwaycommons.org/pc12/BiochemicalReaction_6b294c4ae9a899658a3b74d1a1a828ed", "http://pathwaycommons.org/pc12/Catalysis_1a90ee4a0617da6e3f150384aa687d7c", "http://pathwaycommons.org/pc12/BiochemicalReaction_d13e2395a5a3b8d4b8ec480e58480381" ],
      "target" : "FOXO1"
    }
  }, {
    "data" : {
      "tooltipText" : "FOXO1-S256-T24-S319",
      "edgeType" : "phosphorylates",
      "source" : "AKT1",
      "pcLinks" : [ "http://pathwaycommons.org/pc12/BiochemicalReaction_c0e61e76eef0765c278c3fc1880d6f77", "http://identifiers.org/reactome/R-HSA-199299", "http://pathwaycommons.org/pc12/Catalysis_55306b8ff78c9a7205748feb4ba4e940", "http://pathwaycommons.org/pc12/Catalysis_f2f1c8cd78e2bedfbbb503bc0b5bd707", "http://pathwaycommons.org/pc12/BiochemicalReaction_8fe6f841745a3f260fcb4d9e8f9ee604", "http://pathwaycommons.org/pc12/Catalysis_e9d12e029d5a92533e89c91162a4af5a", "http://pathwaycommons.org/pc12/BiochemicalReaction_2fc85d828d692d60d5133147fbdbb569", "http://identifiers.org/reactome/R-HSA-211164", "http://pathwaycommons.org/pc12/Catalysis_0db0e009f6a4f7bbc17859de5dece5ad", "http://identifiers.org/reactome/R-HSA-2399992", "http://pathwaycommons.org/pc12/BiochemicalReaction_65a0bca7b88ad2ebe128df05743ad0a6", "PMID:10358075", "PMID:10358014", "http://pathwaycommons.org/pc12/BiochemicalReaction_029eb1d89f10c9d996a3133271268d7f", "http://pathwaycommons.org/pc12/BiochemicalReaction_6190f8dc22846fa9cd9748431065bbad", "http://pathwaycommons.org/pc12/Catalysis_c47a59fede7b85710d01a5b8f673a5fd", "http://pathwaycommons.org/pc12/Catalysis_0f2aef58834b38fb20281ea533019fdf", "http://pathwaycommons.org/pc12/Catalysis_9dbf65bd2ee11413df0a8ba8943fa1c7", "http://pathwaycommons.org/pc12/BiochemicalReaction_d13e2395a5a3b8d4b8ec480e58480381", "http://pathwaycommons.org/pc12/BiochemicalReaction_bf50629521cc314190df0442c2161e5e", "http://pathwaycommons.org/pc12/Catalysis_ab759ec794b7ad23812972ecd9d7465f", "http://pathwaycommons.org/pc12/Catalysis_f9f354fed4912983619983d48ed97a52", "http://pathwaycommons.org/pc12/BiochemicalReaction_a544b756b28a76c3b7392e25d057d853", "PMID:11237865", "PMID:11311120", "http://pathwaycommons.org/pc12/Catalysis_3ff1146722a4ae0edc7e16d2dcc3dcec", "http://pathwaycommons.org/pc12/BiochemicalReaction_d911518a5bd871f5f87b9e10b5982f57", "http://pathwaycommons.org/pc12/BiochemicalReaction_cb21e39696ec0c6c68d10d18c791bc72", "http://pathwaycommons.org/pc12/Catalysis_87a502f63fec2c934fa4945573460a9e", "http://pathwaycommons.org/pc12/Catalysis_b3d8ffb13bc4c323aa880e4ed1078a1f", "http://pathwaycommons.org/pc12/Catalysis_f05d27c52a7521850eab955198231dfc", "http://pathwaycommons.org/pc12/Catalysis_e4b3e9bcf77d70014ef41cb14f3a4cfa", "http://pathwaycommons.org/pc12/BiochemicalReaction_f623957dba67dd6e366ee01e791381d8", "http://pathwaycommons.org/pc12/Catalysis_c2928285afd79ff4cbf59ae39d044fa8", "PMID:15668399", "http://pathwaycommons.org/pc12/BiochemicalReaction_6b294c4ae9a899658a3b74d1a1a828ed", "PMID:16076959", "http://pathwaycommons.org/pc12/Catalysis_1a90ee4a0617da6e3f150384aa687d7c" ],
      "target" : "FOXO1"
    }
  }, {
    "data" : {
      "tooltipText" : "FOXO3-T32-S315-S253",
      "edgeType" : "phosphorylates",
      "source" : "AKT2",
      "pcLinks" : [ "http://pathwaycommons.org/pc12/Catalysis_ab759ec794b7ad23812972ecd9d7465f", "http://pathwaycommons.org/pc12/BiochemicalReaction_a544b756b28a76c3b7392e25d057d853", "http://pathwaycommons.org/pc12/BiochemicalReaction_c0e61e76eef0765c278c3fc1880d6f77", "http://identifiers.org/reactome/R-HSA-199299", "http://pathwaycommons.org/pc12/Catalysis_f2f1c8cd78e2bedfbbb503bc0b5bd707", "http://pathwaycommons.org/pc12/Catalysis_e4b3e9bcf77d70014ef41cb14f3a4cfa", "http://pathwaycommons.org/pc12/Catalysis_e5c5f6c257cd4faa197f913060f9e360", "http://pathwaycommons.org/pc12/BiochemicalReaction_f623957dba67dd6e366ee01e791381d8", "http://pathwaycommons.org/pc12/Catalysis_c2928285afd79ff4cbf59ae39d044fa8", "http://pathwaycommons.org/pc12/Catalysis_fd36a53c80b3072c417bf00117c12e85", "http://pathwaycommons.org/pc12/Catalysis_9dbf65bd2ee11413df0a8ba8943fa1c7", "http://pathwaycommons.org/pc12/BiochemicalReaction_6b294c4ae9a899658a3b74d1a1a828ed", "http://pathwaycommons.org/pc12/BiochemicalReaction_6649377a45265586347168a0feb04b8f", "http://pathwaycommons.org/pc12/Catalysis_1a90ee4a0617da6e3f150384aa687d7c", "http://identifiers.org/reactome/R-HSA-9624526", "http://pathwaycommons.org/pc12/BiochemicalReaction_d13e2395a5a3b8d4b8ec480e58480381" ],
      "target" : "FOXO3"
    }
  }, {
    "data" : {
      "tooltipText" : "FOXO1-S256-T24-S319",
      "edgeType" : "phosphorylates",
      "source" : "AKT3",
      "pcLinks" : [ "http://pathwaycommons.org/pc12/Catalysis_ab759ec794b7ad23812972ecd9d7465f", "http://pathwaycommons.org/pc12/BiochemicalReaction_a544b756b28a76c3b7392e25d057d853", "http://pathwaycommons.org/pc12/BiochemicalReaction_c0e61e76eef0765c278c3fc1880d6f77", "http://identifiers.org/reactome/R-HSA-199299", "http://pathwaycommons.org/pc12/Catalysis_f2f1c8cd78e2bedfbbb503bc0b5bd707", "http://identifiers.org/reactome/R-HSA-211164", "http://pathwaycommons.org/pc12/Catalysis_e4b3e9bcf77d70014ef41cb14f3a4cfa", "http://pathwaycommons.org/pc12/BiochemicalReaction_f623957dba67dd6e366ee01e791381d8", "http://pathwaycommons.org/pc12/Catalysis_c2928285afd79ff4cbf59ae39d044fa8", "http://pathwaycommons.org/pc12/Catalysis_0f2aef58834b38fb20281ea533019fdf", "http://pathwaycommons.org/pc12/Catalysis_9dbf65bd2ee11413df0a8ba8943fa1c7", "http://pathwaycommons.org/pc12/BiochemicalReaction_6b294c4ae9a899658a3b74d1a1a828ed", "http://pathwaycommons.org/pc12/Catalysis_1a90ee4a0617da6e3f150384aa687d7c", "http://pathwaycommons.org/pc12/BiochemicalReaction_d13e2395a5a3b8d4b8ec480e58480381" ],
      "target" : "FOXO1"
    }
  }, {
    "data" : {
      "tooltipText" : "FOXO3-S315-T32-S253",
      "edgeType" : "phosphorylates",
      "source" : "AKT1",
      "pcLinks" : [ "http://pathwaycommons.org/pc12/BiochemicalReaction_7ecc50450169a6983b7d94989d238d05", "PMID:20068231", "http://pathwaycommons.org/pc12/BiochemicalReaction_c0e61e76eef0765c278c3fc1880d6f77", "PMID:10102273", "http://identifiers.org/reactome/R-HSA-199299", "http://pathwaycommons.org/pc12/Catalysis_cde1f5fa02947e25c02aa0abcab2635b", "http://pathwaycommons.org/pc12/Catalysis_55306b8ff78c9a7205748feb4ba4e940", "http://pathwaycommons.org/pc12/Catalysis_f2f1c8cd78e2bedfbbb503bc0b5bd707", "PMID:10910908", "PMID:10995739", "http://pathwaycommons.org/pc12/Catalysis_6182e223e7931b5cbb98716f16bce500", "http://pathwaycommons.org/pc12/BiochemicalReaction_1ce56de570fd242aea7284e85d58096b", "http://pathwaycommons.org/pc12/BiochemicalReaction_66e5371ce2f92f00117db8d5f42f9987", "http://pathwaycommons.org/pc12/BiochemicalReaction_1128841e65aaf5631bbffba1663ddd05", "http://identifiers.org/reactome/R-HSA-2399992", "http://pathwaycommons.org/pc12/Catalysis_0a07dbc1e277eecd6cf8fb122b6bd0f6", "http://pathwaycommons.org/pc12/BiochemicalReaction_093e6e4ac8efc0af1b10f66feec88da4", "http://pathwaycommons.org/pc12/Catalysis_c2735c64b94d1d35780cec48bf88b650", "http://pathwaycommons.org/pc12/BiochemicalReaction_6c63e4e512649f1ff23863a701f0566c", "http://pathwaycommons.org/pc12/Catalysis_9dbf65bd2ee11413df0a8ba8943fa1c7", "http://identifiers.org/reactome/R-HSA-9624526", "http://pathwaycommons.org/pc12/BiochemicalReaction_d13e2395a5a3b8d4b8ec480e58480381", "http://pathwaycommons.org/pc12/Catalysis_ab759ec794b7ad23812972ecd9d7465f", "http://pathwaycommons.org/pc12/Catalysis_35e49e24f9815800f99ab9b9033de3f1", "http://pathwaycommons.org/pc12/BiochemicalReaction_a544b756b28a76c3b7392e25d057d853", "http://pathwaycommons.org/pc12/BiochemicalReaction_d911518a5bd871f5f87b9e10b5982f57", "http://pathwaycommons.org/pc12/Catalysis_683e643355da8cd9fd39f998312d8422", "http://pathwaycommons.org/pc12/Catalysis_f05d27c52a7521850eab955198231dfc", "http://pathwaycommons.org/pc12/Catalysis_e4b3e9bcf77d70014ef41cb14f3a4cfa", "http://pathwaycommons.org/pc12/Catalysis_e5c5f6c257cd4faa197f913060f9e360", "http://pathwaycommons.org/pc12/BiochemicalReaction_f623957dba67dd6e366ee01e791381d8", "http://pathwaycommons.org/pc12/Catalysis_c2928285afd79ff4cbf59ae39d044fa8", "http://pathwaycommons.org/pc12/BiochemicalReaction_9731e6468d79673c2e450a4150d90666", "http://pathwaycommons.org/pc12/BiochemicalReaction_06b305a4523ffcb91d2039b627aedd14", "http://pathwaycommons.org/pc12/Catalysis_fd36a53c80b3072c417bf00117c12e85", "http://pathwaycommons.org/pc12/Catalysis_e32b0acb3f7b986b4d5925c6f73139a4", "http://pathwaycommons.org/pc12/BiochemicalReaction_6b294c4ae9a899658a3b74d1a1a828ed", "PMID:11154281", "http://pathwaycommons.org/pc12/BiochemicalReaction_6649377a45265586347168a0feb04b8f", "http://pathwaycommons.org/pc12/Catalysis_1a90ee4a0617da6e3f150384aa687d7c", "http://pathwaycommons.org/pc12/Catalysis_40acb1ea677e3c383f761f9b3135c6bc" ],
      "target" : "FOXO3"
    }
  }, {
    "data" : {
      "tooltipText" : "MTOR-S2448-T2446",
      "edgeType" : "phosphorylates",
      "source" : "AKT1",
      "pcLinks" : [ "http://pathwaycommons.org/pc12/Catalysis_c3ecedd3899d5c5c9da5b13e65bbad2b", "PMID:18691976", "PMID:10567225", "PMID:19664994", "http://pathwaycommons.org/pc12/BiochemicalReaction_39284dcd2a18e7985e87454dc91a23ee", "http://pathwaycommons.org/pc12/BiochemicalReaction_fb344598388ee9a677b6880a6393fa99", "http://pathwaycommons.org/pc12/Catalysis_15b7534dca6f70c44bfe1bb4784f40ab", "PMID:15208671", "http://pathwaycommons.org/pc12/Catalysis_06a9ac92aac3766c7c75442bac74d4a5", "PMID:10910062", "http://pathwaycommons.org/pc12/Catalysis_e8ecd6621693ec737af41cec1b457551", "http://pathwaycommons.org/pc12/BiochemicalReaction_ab75f291ca76b5e4a8f445987c64ce66", "http://pathwaycommons.org/pc12/BiochemicalReaction_92673317304f98c3230e866e94a24e92", "PMID:14970221" ],
      "target" : "MTOR"
    }
  }, {
    "data" : {
      "tooltipText" : "AKT1-S450-S473-T450",
      "edgeType" : "phosphorylates",
      "source" : "MTOR",
      "pcLinks" : [ "http://identifiers.org/reactome/R-HSA-198640", "http://pathwaycommons.org/pc12/Catalysis_a45073af2507ad7c55289ab5aa80c5cd", "http://pathwaycommons.org/pc12/Catalysis_3821a3c8186926049e122b2492437712", "PMID:14761976", "http://pathwaycommons.org/pc12/BiochemicalReaction_39c8f538aee6678e40d4ad1e24030192", "http://pathwaycommons.org/pc12/Catalysis_e65b6ca158d23049efe19634e24462d0", "PMID:20501647", "http://pathwaycommons.org/pc12/BiochemicalReaction_636ff9eff879562d6216c17352a7a5f0", "PMID:21157483", "PMID:21045808", "http://pathwaycommons.org/pc12/BiochemicalReaction_b6cc8c4b1b2cfe3e0bb3115fc2d93647", "http://pathwaycommons.org/pc12/BiochemicalReaction_4eae0a785bfee01e841b23d7c08b1e9d", "http://pathwaycommons.org/pc12/Catalysis_1de8a791dbba2175dab61dbabb150863", "http://pathwaycommons.org/pc12/Catalysis_12de0eb61bbbd330e152d70cfe482497", "http://pathwaycommons.org/pc12/Catalysis_844d7a55a8f0bb883538270702a66a93", "http://identifiers.org/reactome/R-HSA-2243938", "http://pathwaycommons.org/pc12/Catalysis_a75e1f130611ea1bcd4a68e905fcd087", "http://pathwaycommons.org/pc12/BiochemicalReaction_f1e08dccdc0927c8d029bab02c2e1211", "http://pathwaycommons.org/pc12/BiochemicalReaction_beff505f65882d3b2a60512064999ac7", "PMID:22084251", "PMID:23928304", "http://pathwaycommons.org/pc12/Catalysis_43eaa494c3f0ee1304271c6f074554d3", "http://pathwaycommons.org/pc12/Catalysis_ab53c02bdf8618fa4a28d8238eb06765", "http://pathwaycommons.org/pc12/Catalysis_fed7862f36722abd04069ccc076275eb", "http://pathwaycommons.org/pc12/BiochemicalReaction_9724683fffbe7423b802e4d602392846", "PMID:15718470", "http://pathwaycommons.org/pc12/BiochemicalReaction_4ef3646a908e88e0955c7a7b43314e12", "http://pathwaycommons.org/pc12/BiochemicalReaction_c8f55b00eb2ea3c13564798924ad6b19", "http://pathwaycommons.org/pc12/Catalysis_6e09d19e8193c6ae303347a4af9df844", "PMID:20804212", "PMID:21965657", "PMID:21592956" ],
      "target" : "AKT1"
    }
  }, {
    "data" : {
      "tooltipText" : "AKT1-Y474-T308-S473",
      "edgeType" : "phosphorylates",
      "source" : "AURKA",
      "pcLinks" : [ "http://pathwaycommons.org/pc12/Catalysis_558159a766b4d8e020009495b2a58973", "http://pathwaycommons.org/pc12/TransportWithBiochemicalReaction_5bd7cf21b54e7ea241428a14f8400be7" ],
      "target" : "AKT1"
    }
  }, {
    "data" : {
      "tooltipText" : "MTOR-S2448-T2446",
      "edgeType" : "phosphorylates",
      "source" : "RPS6KB1",
      "pcLinks" : [ "PMID:18691976", "PMID:19664994", "PMID:15905173", "PMID:24275569", "PMID:10910062", "PMID:15899889", "PMID:12807916" ],
      "target" : "MTOR"
    }
  }, {
    "data" : {
      "tooltipText" : "AKT2-S474",
      "edgeType" : "phosphorylates",
      "source" : "MTOR",
      "pcLinks" : [ "http://pathwaycommons.org/pc12/Catalysis_a75e1f130611ea1bcd4a68e905fcd087", "http://identifiers.org/reactome/R-HSA-198640", "http://pathwaycommons.org/pc12/BiochemicalReaction_636ff9eff879562d6216c17352a7a5f0", "http://pathwaycommons.org/pc12/BiochemicalReaction_f1e08dccdc0927c8d029bab02c2e1211", "http://pathwaycommons.org/pc12/Catalysis_a45073af2507ad7c55289ab5aa80c5cd", "http://pathwaycommons.org/pc12/Catalysis_3821a3c8186926049e122b2492437712", "http://pathwaycommons.org/pc12/BiochemicalReaction_c8f55b00eb2ea3c13564798924ad6b19", "http://pathwaycommons.org/pc12/Catalysis_1de8a791dbba2175dab61dbabb150863" ],
      "target" : "AKT2"
    }
  }, {
    "data" : {
      "tooltipText" : "ULK1-S757-S758-S638",
      "edgeType" : "phosphorylates",
      "source" : "MTOR",
      "pcLinks" : [ "http://identifiers.org/reactome/R-HSA-5672010", "http://pathwaycommons.org/pc12/Catalysis_54e2313c9987bce8ef78eb6b38a0f724", "PMID:23186163", "PMID:21383122" ],
      "target" : "ULK1"
    }
  }, {
    "data" : {
      "tooltipText" : "AKT1-T308-Y474-T473-S473-S308",
      "edgeType" : "phosphorylates",
      "source" : "PIK3CA",
      "pcLinks" : [ "http://pathwaycommons.org/pc12/Catalysis_20a785eb3b66773860b20e9e3d265b86", "http://pathwaycommons.org/pc12/Catalysis_cc3637c42b3895d0f18e1cbba2c67883", "http://pathwaycommons.org/pc12/Catalysis_420b4e91ca50526cac6af9f38914d556", "http://pathwaycommons.org/pc12/BiochemicalReaction_a895b16e1219438522afeabe1927cbf5", "http://pathwaycommons.org/pc12/SmallMolecule_bd44b938f035283d8d17fc5e9cbc10ce", "http://pathwaycommons.org/pc12/BiochemicalReaction_4ade739a8a8d14aff9a26e3c817be412", "http://pathwaycommons.org/pc12/Catalysis_30e830cf51ea261789d0c6a52da4851d", "http://pathwaycommons.org/pc12/Catalysis_e18547f5bad95877c13fb2f099840c67", "http://pathwaycommons.org/pc12/Catalysis_2543bcad1d966971d4f5d842e70e8703", "http://pathwaycommons.org/pc12/BiochemicalReaction_5b94cfbc5453104f80d01b411abfdb2f", "http://pathwaycommons.org/pc12/Catalysis_b672aeee3cfab4b09fe64ee750373693", "http://pathwaycommons.org/pc12/Catalysis_0822ddc682a16245f8d67085e5a12bdb", "http://pathwaycommons.org/pc12/BiochemicalReaction_e27b2f38de4b286aa13a82579a8b6782", "http://pathwaycommons.org/pc12/Catalysis_8b07f72c8dc6135e21c740e890ee9b87", "http://pathwaycommons.org/pc12/BiochemicalReaction_2497f1511657a7f42e723be6baac8919", "http://pathwaycommons.org/pc12/Catalysis_c3c482653bc1b12ec848fd983d3956f1", "http://pathwaycommons.org/pc12/BiochemicalReaction_5f04564c882bca240a41992b258a8653", "http://pathwaycommons.org/pc12/Catalysis_5bede2ebecee604a43da57c87df788b1", "http://pathwaycommons.org/pc12/BiochemicalReaction_d7f94802acba8b095ac1d271af370044", "http://pathwaycommons.org/pc12/TransportWithBiochemicalReaction_9b6a43ff8d00078d6548e07d17d4168a", "http://pathwaycommons.org/pc12/Catalysis_8cb61036f6568d35667b3e2520bd9979", "http://pathwaycommons.org/pc12/BiochemicalReaction_dbd2b125ae6052e8e80c63aa57b609d0", "http://pathwaycommons.org/pc12/Catalysis_89bd4ee8b63acfe78cd8b4b61a569d04", "http://pathwaycommons.org/pc12/TransportWithBiochemicalReaction_5c29fa3a786f2a2b7b2cc6918a9217ba", "http://pathwaycommons.org/pc12/Catalysis_6096b44f03c0800596a8a117480840ee", "http://pathwaycommons.org/pc12/TransportWithBiochemicalReaction_2e781af1de8f929260941581221fc84f", "http://pathwaycommons.org/pc12/Catalysis_ebd1bd16aa73c9582f338ce49d8810de", "http://pathwaycommons.org/pc12/Catalysis_653759edf172131d6e83b7aa4a227e51", "http://pathwaycommons.org/pc12/TransportWithBiochemicalReaction_b9a0c1ae84d1de0839eb3d0cffd357c8", "http://pathwaycommons.org/pc12/BiochemicalReaction_d15ed1c2287813c81fefc56d083b05ed", "http://pathwaycommons.org/pc12/TransportWithBiochemicalReaction_f4b2d9d549cbac5441241fca0a244f7d", "http://pathwaycommons.org/pc12/Catalysis_f78611e011db3a8318f340ab26ccb0f5", "http://pathwaycommons.org/pc12/TransportWithBiochemicalReaction_d5b86a8aa2390e585f46c54ba51029c9", "http://pathwaycommons.org/pc12/TransportWithBiochemicalReaction_9a3c403d0e948c51002b9b6566e1453c", "http://pathwaycommons.org/pc12/Catalysis_0c0beb965f902f44299518b6227d2090", "http://pathwaycommons.org/pc12/Catalysis_f052fe4acaea816c54e5e7c1e7a51b0d", "http://pathwaycommons.org/pc12/Catalysis_ce8e26a824647c10030e8b967f6b86c1", "http://pathwaycommons.org/pc12/BiochemicalReaction_492009f610a7ed5277f54d8b38115080", "http://pathwaycommons.org/pc12/BiochemicalReaction_579f06c0bec7da3d018fb0044a36c34d", "http://pathwaycommons.org/pc12/BiochemicalReaction_968847f315984f6ba1e39f73212dc2d3", "http://pathwaycommons.org/pc12/BiochemicalReaction_984fec6b3bfb33a9f890194518f50e41", "http://pathwaycommons.org/pc12/BiochemicalReaction_1a3be56deb6756dec2bf4edc1f4414f7", "http://pathwaycommons.org/pc12/Catalysis_a7986983ee35051fc265a39d11a92084", "http://pathwaycommons.org/pc12/TransportWithBiochemicalReaction_2f0dcf353133fd3ccda9741ca4333460", "http://pathwaycommons.org/pc12/BiochemicalReaction_e8921dc7ca146ae587ce61cdfcb48012", "http://pathwaycommons.org/pc12/TransportWithBiochemicalReaction_297211ed342b2629eb31d375100a86fe", "http://pathwaycommons.org/pc12/Catalysis_8794b97aad9345784e9bcd3349119301", "http://pathwaycommons.org/pc12/Catalysis_d55f44c5e8d47bd7ed396c06a39251fb", "http://pathwaycommons.org/pc12/Catalysis_a9228bd76b902295331c87b12e80ac21", "http://pathwaycommons.org/pc12/Catalysis_a581e7a566aa104e00b6cad46e5c2039", "http://pathwaycommons.org/pc12/Catalysis_f97d5c22b4bbbb30d06bec897f64d9a0", "http://pathwaycommons.org/pc12/BiochemicalReaction_bf774b57bd08fe0fdf2a8bde8a1dcd9a", "http://pathwaycommons.org/pc12/BiochemicalReaction_379737d29d84917c8b915f9ab16c9777", "http://pathwaycommons.org/pc12/BiochemicalReaction_9b77c9798a3d1bff77857ac713f37370", "http://pathwaycommons.org/pc12/TransportWithBiochemicalReaction_13119af0195bdd6075284f830251dd7b", "http://pathwaycommons.org/pc12/Catalysis_a88a9fdaa36a95e6d94f28d5c141495b", "http://pathwaycommons.org/pc12/BiochemicalReaction_968100dbe212eb6349ffdd326b8febaa", "http://pathwaycommons.org/pc12/Catalysis_cc952c39a97c803f4894ddd0ec9696f6", "http://pathwaycommons.org/pc12/Catalysis_f94675d42bb61b1a4fdf6d46cdff7591", "http://pathwaycommons.org/pc12/Catalysis_49415cc7fed4174ae67036f1abdbcf30", "http://pathwaycommons.org/pc12/BiochemicalReaction_488957cfbc4769bc976e8b240483f9b3", "http://pathwaycommons.org/pc12/Catalysis_0867a64569e834ad7baa28221cf6bf59", "http://pathwaycommons.org/pc12/Catalysis_ebecb54f9c896caf61021c4c9abd299d", "http://pathwaycommons.org/pc12/BiochemicalReaction_3b369f06d6e87f74e3c2d406eb184647", "http://pathwaycommons.org/pc12/Catalysis_6b9fe77210cb360a2c2dd2ac785f7fcb", "http://pathwaycommons.org/pc12/BiochemicalReaction_08c32160b5b37aea84b1c93f50d3b3da", "http://pathwaycommons.org/pc12/Catalysis_92c7769e8f27def3d5f7c04aad3ef77b", "http://pathwaycommons.org/pc12/BiochemicalReaction_e696ee7415714064357988f8669ef0d7", "http://pathwaycommons.org/pc12/Catalysis_1a00db1627afe83ee3db787335c34af1", "http://pathwaycommons.org/pc12/TransportWithBiochemicalReaction_62a011dbfeda642058e3c3a2093b8a6f", "http://pathwaycommons.org/pc12/BiochemicalReaction_59dd85e638908bd1e0584d99362b08b7", "http://pathwaycommons.org/pc12/BiochemicalReaction_a3060d43bcf739e9c6679b98d618c744", "http://pathwaycommons.org/pc12/Catalysis_e6993d359fb9f528dd2785460bcf830a", "http://pathwaycommons.org/pc12/Catalysis_2470c7f86b4fc8b1a67941e46352e287", "http://pathwaycommons.org/pc12/BiochemicalReaction_d0d117b2a0ddafa8c3fe3f75db7f17be", "http://pathwaycommons.org/pc12/Catalysis_ea82fa6410186b9452c6bbfa8f1031b1", "http://pathwaycommons.org/pc12/SmallMolecule_070f3104a46e72f60f3064de51a70f6c", "http://pathwaycommons.org/pc12/Catalysis_c3da71f8e9d2ae5a7ca9fde9656fca0b", "http://pathwaycommons.org/pc12/BiochemicalReaction_adc92b8c90153493d542582f7d2adb39", "http://pathwaycommons.org/pc12/Catalysis_fd17f092f922d5ea6448de72b30324a2", "http://pathwaycommons.org/pc12/Catalysis_90eb62b6e37ed3cc415d6c4d80b3af1f", "http://pathwaycommons.org/pc12/Catalysis_c901b6239e953c12a1c25d02dd163f5e", "http://pathwaycommons.org/pc12/Catalysis_5c6945a29962e664ec9f7ebd073bc9cb", "http://pathwaycommons.org/pc12/Catalysis_4934de696b29e701ee1246453aff06a5", "http://pathwaycommons.org/pc12/Catalysis_6c1c0bb125067bb7985fb3246795910f", "http://pathwaycommons.org/pc12/Catalysis_3d7ae6bcac9007a9f9b88df44ead15c8", "http://pathwaycommons.org/pc12/BiochemicalReaction_62c736b5274bc9dd596221f14344fade", "http://pathwaycommons.org/pc12/Catalysis_20a67707db12d839aa26392b026e09eb", "http://pathwaycommons.org/pc12/BiochemicalReaction_b98d65685d47d71da19880d42e94bcbc", "http://pathwaycommons.org/pc12/BiochemicalReaction_e0eda7a4f7b26deee966ff4f1685d416", "http://pathwaycommons.org/pc12/BiochemicalReaction_b3b46c314a7c43129fd4bafd1f2c7806", "http://pathwaycommons.org/pc12/Catalysis_156a603b3bd5d8f88eb2f5f12cdde881", "http://pathwaycommons.org/pc12/Catalysis_a083ae2a042001137553df980a569b06", "http://pathwaycommons.org/pc12/Catalysis_7872eb0acdc9f3c2ddcb0bb823018400", "http://pathwaycommons.org/pc12/Catalysis_1b2fdbd454f133ef1f6571a805886c43", "http://pathwaycommons.org/pc12/Catalysis_07a91b21d79cc2f91031835bddacf3c3", "http://pathwaycommons.org/pc12/Catalysis_99ee8ced19ca038292177b0c5eb1570c", "http://pathwaycommons.org/pc12/BiochemicalReaction_08771ea8ed5c6a1ed99f58ba690fd6a8", "http://pathwaycommons.org/pc12/BiochemicalReaction_6f62d35fcf1362a267b8931251181741", "http://pathwaycommons.org/pc12/BiochemicalReaction_fdc3c330aaf17f16251120deb374f75e", "http://pathwaycommons.org/pc12/Catalysis_076c1d85bae2de09f46602ebcfb08552", "http://pathwaycommons.org/pc12/Catalysis_0bb660c658131b71681be61a86248db8", "http://pathwaycommons.org/pc12/BiochemicalReaction_5f4ce9e617bb760522eff1069a69eb87", "http://pathwaycommons.org/pc12/BiochemicalReaction_5d1a031fabc4a139be3b4f5bc3f45581", "http://pathwaycommons.org/pc12/BiochemicalReaction_1311f795e1f18586e4ebe0927549cfb5", "http://pathwaycommons.org/pc12/Catalysis_c070f302b6d38b0f5dc78881fe018464", "http://pathwaycommons.org/pc12/Catalysis_67a6f5b9796b9c433f01bb252497f1db", "http://pathwaycommons.org/pc12/Catalysis_cd46626ffa21c82ff169204230a8fed2", "http://pathwaycommons.org/pc12/TransportWithBiochemicalReaction_81a4b452fadc18ab6c234aa645212f49", "http://pathwaycommons.org/pc12/TransportWithBiochemicalReaction_1221d134b6b15944dff6a3e34317d5dc", "http://pathwaycommons.org/pc12/BiochemicalReaction_4d80e0a95764c53fe51417d1af73a384", "http://pathwaycommons.org/pc12/BiochemicalReaction_7911527d58c9c28841a29bf80453671b", "http://pathwaycommons.org/pc12/Catalysis_86289d718cbc7e3b982f54226182c35e", "http://pathwaycommons.org/pc12/BiochemicalReaction_ecf1530ea069b165bd2c74550370c3ad", "http://pathwaycommons.org/pc12/TransportWithBiochemicalReaction_3d7e6b09e992ce386fb8c4dc51be5e55", "http://pathwaycommons.org/pc12/BiochemicalReaction_b9c2b1d325fc5e659a76de125254eb31", "http://pathwaycommons.org/pc12/Catalysis_ef42fbf7b39af40a8e4f6c13207716ef", "http://pathwaycommons.org/pc12/BiochemicalReaction_455c6c3b257090ec775fe18cb78a7cde", "http://pathwaycommons.org/pc12/Catalysis_3b113785c46147a0aaa6570c1b2f6c90" ],
      "target" : "AKT1"
    }
  }, {
    "data" : {
      "tooltipText" : "RPS6-S236-S247-S235-S244-S240",
      "edgeType" : "phosphorylates",
      "source" : "RPS6KB1",
      "pcLinks" : [ "http://pathwaycommons.org/pc12/Catalysis_b17f0e6280c596314530dab3d8eee65b", "http://pathwaycommons.org/pc12/Catalysis_8050c96af70546aef44c843e0ce352a0", "http://pathwaycommons.org/pc12/Catalysis_80e777d8adcf271ebebcf55f2698c1ca", "http://pathwaycommons.org/pc12/BiochemicalReaction_c8c665f828a7efade12551e5bf74ad4a", "http://pathwaycommons.org/pc12/BiochemicalReaction_0595e25fab798b81df24530c7fbcc49f", "PMID:1737763", "http://pathwaycommons.org/pc12/Catalysis_d587117e7e84ead22a14ee9a46c06b5e", "http://pathwaycommons.org/pc12/Catalysis_5c73c573eb51d48f1016e220b53dbc70", "http://pathwaycommons.org/pc12/Catalysis_7136820e2f324073f19ee3baa85d7569", "http://pathwaycommons.org/pc12/BiochemicalReaction_a59596c55faf479534c6e9abaab8a322", "http://identifiers.org/reactome/R-HSA-165726", "PMID:17360704", "http://pathwaycommons.org/pc12/BiochemicalReaction_a9213ee0d0cb550866e9c3c3a994c237", "http://pathwaycommons.org/pc12/BiochemicalReaction_2e25a63721166cf6462a74147eca3f0d", "http://pathwaycommons.org/pc12/Catalysis_5f7cee8dd3d067414fcd7f16cf35fe8f", "http://pathwaycommons.org/pc12/BiochemicalReaction_a235c2ddab555d93160677f7b6eac400" ],
      "target" : "RPS6"
    }
  }, {
    "data" : {
      "tooltipText" : "RICTOR-T1135",
      "edgeType" : "phosphorylates",
      "source" : "RPS6KB1",
      "pcLinks" : [ "PMID:19720745", "PMID:19935711", "PMID:19995915", "PMID:20832730", "PMID:23186163" ],
      "target" : "RICTOR"
    }
  }, {
    "data" : {
      "tooltipText" : "GSK3B-S9",
      "edgeType" : "phosphorylates",
      "source" : "RPS6KB1",
      "pcLinks" : [ "PMID:8985174", "PMID:8250835", "PMID:7980435" ],
      "target" : "GSK3B"
    }
  }, {
    "data" : {
      "tooltipText" : "FOXO3-T32-S315-S253",
      "edgeType" : "phosphorylates",
      "source" : "AKT3",
      "pcLinks" : [ "http://pathwaycommons.org/pc12/Catalysis_ab759ec794b7ad23812972ecd9d7465f", "http://pathwaycommons.org/pc12/BiochemicalReaction_a544b756b28a76c3b7392e25d057d853", "http://pathwaycommons.org/pc12/BiochemicalReaction_c0e61e76eef0765c278c3fc1880d6f77", "http://identifiers.org/reactome/R-HSA-199299", "http://pathwaycommons.org/pc12/Catalysis_f2f1c8cd78e2bedfbbb503bc0b5bd707", "http://pathwaycommons.org/pc12/Catalysis_e4b3e9bcf77d70014ef41cb14f3a4cfa", "http://pathwaycommons.org/pc12/Catalysis_e5c5f6c257cd4faa197f913060f9e360", "http://pathwaycommons.org/pc12/BiochemicalReaction_f623957dba67dd6e366ee01e791381d8", "http://pathwaycommons.org/pc12/Catalysis_c2928285afd79ff4cbf59ae39d044fa8", "http://pathwaycommons.org/pc12/Catalysis_fd36a53c80b3072c417bf00117c12e85", "http://pathwaycommons.org/pc12/Catalysis_9dbf65bd2ee11413df0a8ba8943fa1c7", "http://pathwaycommons.org/pc12/BiochemicalReaction_6b294c4ae9a899658a3b74d1a1a828ed", "http://pathwaycommons.org/pc12/BiochemicalReaction_6649377a45265586347168a0feb04b8f", "http://pathwaycommons.org/pc12/Catalysis_1a90ee4a0617da6e3f150384aa687d7c", "http://identifiers.org/reactome/R-HSA-9624526", "http://pathwaycommons.org/pc12/BiochemicalReaction_d13e2395a5a3b8d4b8ec480e58480381" ],
      "target" : "FOXO3"
    }
  }, {
    "data" : {
      "tooltipText" : "ULK1-S758",
      "edgeType" : "phosphorylates",
      "source" : "MLST8",
      "pcLinks" : [ "http://identifiers.org/reactome/R-HSA-5672010", "http://pathwaycommons.org/pc12/Catalysis_54e2313c9987bce8ef78eb6b38a0f724" ],
      "target" : "ULK1"
    }
  }, {
    "data" : {
      "tooltipText" : "AKT1S1-T246-S183",
      "edgeType" : "phosphorylates",
      "source" : "AKT1",
      "pcLinks" : [ "http://pathwaycommons.org/pc12/Catalysis_bfe747f0cc4dee87fc3a76265d048bc7", "http://pathwaycommons.org/pc12/BiochemicalReaction_6a1fbbdf03d74f2a68c15fc4edb1f2ad", "http://pathwaycommons.org/pc12/Catalysis_f43f17813fe7f4a752ec932b62a13912", "http://pathwaycommons.org/pc12/Catalysis_f32e44fc1fbbc4e94ae9b243c03dfc85", "http://pathwaycommons.org/pc12/Catalysis_8f663b3bdd9fcb64b4cac09bc1376140", "PMID:12524439", "http://pathwaycommons.org/pc12/Catalysis_cc1676209581fd955748b6a118a84e0a", "http://identifiers.org/reactome/R-HSA-2399977", "http://identifiers.org/reactome/R-HSA-200143", "http://pathwaycommons.org/pc12/ComplexAssembly_e38f182b5cc82d1a810fe9e7e74ee350", "PMID:17277771", "http://pathwaycommons.org/pc12/Catalysis_6d8e52a1843f5c3d37dbd214330c6d1b", "http://identifiers.org/reactome/R-HSA-377186", "http://pathwaycommons.org/pc12/ComplexAssembly_55991fa06d143a15f45b158733880e52", "http://pathwaycommons.org/pc12/Catalysis_69b217c630b49037552419a06a80a9bc", "http://pathwaycommons.org/pc12/BiochemicalReaction_191eefe66ed757e55320a06c027cb505" ],
      "target" : "AKT1S1"
    }
  }, {
    "data" : {
      "tooltipText" : "AKT1S1-T246-S183",
      "edgeType" : "phosphorylates",
      "source" : "AKT2",
      "pcLinks" : [ "PMID:12524439", "http://pathwaycommons.org/pc12/Catalysis_cc1676209581fd955748b6a118a84e0a", "http://pathwaycommons.org/pc12/Catalysis_f32e44fc1fbbc4e94ae9b243c03dfc85", "http://identifiers.org/reactome/R-HSA-200143", "http://pathwaycommons.org/pc12/ComplexAssembly_e38f182b5cc82d1a810fe9e7e74ee350", "http://pathwaycommons.org/pc12/Catalysis_6d8e52a1843f5c3d37dbd214330c6d1b", "http://pathwaycommons.org/pc12/BiochemicalReaction_191eefe66ed757e55320a06c027cb505" ],
      "target" : "AKT1S1"
    }
  }, {
    "data" : {
      "tooltipText" : "AKT1S1-T246-S183",
      "edgeType" : "phosphorylates",
      "source" : "AKT3",
      "pcLinks" : [ "http://pathwaycommons.org/pc12/Catalysis_cc1676209581fd955748b6a118a84e0a", "http://pathwaycommons.org/pc12/Catalysis_f32e44fc1fbbc4e94ae9b243c03dfc85", "http://identifiers.org/reactome/R-HSA-200143", "http://pathwaycommons.org/pc12/BiochemicalReaction_191eefe66ed757e55320a06c027cb505" ],
      "target" : "AKT1S1"
    }
  } ]
}