{
  "nodes" : [ {
    "css" : { },
    "data" : {
      "sites" : [ {
        "siteBackgroundColor" : "rgb(255,164,143)",
        "siteText" : "p",
        "siteInfo" : "YAP1_S127 5.196904253150307",
        "siteBorderColor" : "rgb(180,0,20)"
      }, {
        "siteBackgroundColor" : "rgb(255,188,173)",
        "siteText" : "p",
        "siteInfo" : "YAP1_S109 3.825804388941632",
        "siteBorderColor" : "rgb(180,0,20)"
      } ],
      "id" : "YAP1",
      "text" : "YAP1"
    }
  }, {
    "css" : { },
    "data" : {
      "sites" : [ {
        "siteBackgroundColor" : "rgb(201,211,255)",
        "siteText" : "p",
        "siteInfo" : "CTNNB1_S552 -2.515864884294066",
        "siteBorderColor" : "rgb(180,0,20)"
      } ],
      "id" : "CTNNB1",
      "text" : "CTNNB1"
    }
  }, {
    "css" : { },
    "data" : {
      "sites" : [ {
        "siteBackgroundColor" : "rgb(143,164,255)",
        "siteText" : "p",
        "siteInfo" : "KSR1_S334 -5.186457238469602",
        "siteBorderColor" : "rgb(50,50,50)"
      } ],
      "id" : "KSR1",
      "text" : "KSR1"
    }
  }, {
    "css" : { },
    "data" : {
      "sites" : [ {
        "siteBackgroundColor" : "rgb(255,141,114)",
        "siteText" : "p",
        "siteInfo" : "STAT5A_Y694 6.542737658159984",
        "siteBorderColor" : "rgb(0,180,20)"
      } ],
      "id" : "STAT5A",
      "text" : "STAT5A"
    }
  }, {
    "css" : { },
    "data" : {
      "sites" : [ {
        "siteBackgroundColor" : "rgb(181,195,255)",
        "siteText" : "p",
        "siteInfo" : "RAF1_S296_S301 -3.437862681809415",
        "siteBorderColor" : "rgb(180,0,20)"
      } ],
      "id" : "RAF1",
      "text" : "RAF1"
    }
  }, {
    "css" : { },
    "data" : {
      "sites" : [ {
        "siteBackgroundColor" : "rgb(148,168,255)",
        "siteText" : "p",
        "siteInfo" : "RREB1_S1530 -4.955761920925032",
        "siteBorderColor" : "rgb(50,50,50)"
      } ],
      "id" : "RREB1",
      "text" : "RREB1"
    }
  }, {
    "css" : { },
    "data" : {
      "sites" : [ {
        "siteBackgroundColor" : "rgb(196,207,255)",
        "siteText" : "p",
        "siteInfo" : "BRAF_S446 -2.737237412897986",
        "siteBorderColor" : "rgb(0,180,20)"
      } ],
      "id" : "BRAF",
      "text" : "BRAF"
    }
  }, {
    "css" : { },
    "data" : {
      "sites" : [ {
        "siteBackgroundColor" : "rgb(200,210,255)",
        "siteText" : "p",
        "siteInfo" : "GSK3A_S21 -2.579160930818178",
        "siteBorderColor" : "rgb(180,0,20)"
      } ],
      "id" : "GSK3A",
      "text" : "GSK3A"
    }
  }, {
    "css" : { },
    "data" : {
      "sites" : [ {
        "siteBackgroundColor" : "rgb(255,210,200)",
        "siteText" : "p",
        "siteInfo" : "JUN_S63 2.579160930818178",
        "siteBorderColor" : "rgb(0,180,20)"
      } ],
      "id" : "JUN",
      "text" : "JUN"
    }
  }, {
    "css" : { },
    "data" : {
      "sites" : [ {
        "siteBackgroundColor" : "rgb(255,210,200)",
        "siteText" : "p",
        "siteInfo" : "WWTR1_S89 2.579160930818178",
        "siteBorderColor" : "rgb(180,0,20)"
      } ],
      "id" : "WWTR1",
      "text" : "WWTR1"
    }
  }, {
    "css" : { },
    "data" : {
      "sites" : [ {
        "siteBackgroundColor" : "rgb(201,211,255)",
        "siteText" : "p",
        "siteInfo" : "MYCBP2_S3505 -2.515864884294066",
        "siteBorderColor" : "rgb(50,50,50)"
      } ],
      "id" : "MYCBP2",
      "text" : "MYCBP2"
    }
  }, {
    "css" : { },
    "data" : {
      "sites" : [ {
        "siteBackgroundColor" : "rgb(192,204,255)",
        "siteText" : "p",
        "siteInfo" : "STMN1_S25 -2.913947243641263",
        "siteBorderColor" : "rgb(180,0,20)"
      } ],
      "id" : "STMN1",
      "text" : "STMN1"
    }
  }, {
    "css" : { },
    "data" : {
      "sites" : [ {
        "siteBackgroundColor" : "rgb(255,147,122)",
        "siteText" : "p",
        "siteInfo" : "RPS6KA3_S369 6.190666117591216",
        "siteBorderColor" : "rgb(0,180,20)"
      } ],
      "id" : "RPS6KA3",
      "text" : "RPS6KA3"
    }
  } ],
  "edges" : [ {
    "data" : {
      "tooltipText" : "YAP1-S127",
      "edgeType" : "phosphorylates",
      "source" : "CTNNB1",
      "pcLinks" : [ "PMID:27425596", "PMID:18640976", "PMID:24803537", "PMID:28775168", "PMID:26265440", "PMID:26039999", "PMID:21666719", "PMID:21945154", "PMID:22234184", "PMID:20153295", "PMID:28416665", "PMID:28793266", "PMID:25601544", "PMID:12535517", "PMID:24362629", "PMID:24658687", "PMID:25373897", "PMID:28273460", "PMID:20823509", "PMID:26549256", "PMID:26364602", "PMID:20729916", "PMID:31239271", "PMID:25739674", "PMID:28171658", "PMID:21730131", "PMID:25360797", "PMID:32271880", "PMID:25362852", "PMID:25605730", "PMID:25772246" ],
      "target" : "YAP1"
    }
  } ]
}