{
  "nodes" : [ {
    "css" : { },
    "data" : {
      "sites" : [ {
        "siteBackgroundColor" : "rgb(202,212,255)",
        "siteText" : "p",
        "siteInfo" : "PRKCB_S660 -2.4432030992953693",
        "siteBorderColor" : "rgb(0,180,20)"
      } ],
      "id" : "PRKCB",
      "text" : "PRKCB"
    }
  }, {
    "css" : {
      "borderColor" : "rgb(0,180,20)"
    },
    "data" : {
      "sites" : [ {
        "siteBackgroundColor" : "rgb(255,238,234)",
        "siteText" : "!",
        "siteInfo" : "SMPD1-active-by-network-sig 1.0",
        "siteBorderColor" : "rgb(0,180,20)"
      } ],
      "id" : "SMPD1",
      "text" : "SMPD1"
    }
  }, {
    "css" : { },
    "data" : {
      "sites" : [ {
        "siteBackgroundColor" : "rgb(202,212,255)",
        "siteText" : "p",
        "siteInfo" : "RAF1_S289_S301 -2.4432030992953693",
        "siteBorderColor" : "rgb(180,0,20)"
      } ],
      "id" : "RAF1",
      "text" : "RAF1"
    }
  }, {
    "css" : { },
    "data" : {
      "sites" : [ {
        "siteBackgroundColor" : "rgb(205,214,255)",
        "siteText" : "p",
        "siteInfo" : "MAPK1_T185 -2.3391885192278865",
        "siteBorderColor" : "rgb(0,180,20)"
      } ],
      "id" : "MAPK1",
      "text" : "MAPK1"
    }
  }, {
    "css" : { },
    "data" : {
      "sites" : [ {
        "siteBackgroundColor" : "rgb(255,214,205)",
        "siteText" : "p",
        "siteInfo" : "MAPK9_Y185 2.3391885192278865",
        "siteBorderColor" : "rgb(0,180,20)"
      } ],
      "id" : "MAPK9",
      "text" : "MAPK9"
    }
  }, {
    "css" : { },
    "data" : {
      "sites" : [ {
        "siteBackgroundColor" : "rgb(205,214,255)",
        "siteText" : "p",
        "siteInfo" : "RPS6KA1_S380 -2.3391885192278865",
        "siteBorderColor" : "rgb(0,180,20)"
      } ],
      "id" : "RPS6KA1",
      "text" : "RPS6KA1"
    }
  }, {
    "css" : { },
    "data" : {
      "sites" : [ {
        "siteBackgroundColor" : "rgb(202,212,255)",
        "siteText" : "p",
        "siteInfo" : "PRKCD_T507 -2.4432030992953693",
        "siteBorderColor" : "rgb(0,180,20)"
      } ],
      "id" : "PRKCD",
      "text" : "PRKCD"
    }
  }, {
    "css" : { },
    "data" : {
      "sites" : [ {
        "siteBackgroundColor" : "rgb(203,213,255)",
        "siteText" : "p",
        "siteInfo" : "PALLD_S893 -2.4243114011586915",
        "siteBorderColor" : "rgb(50,50,50)"
      } ],
      "id" : "PALLD",
      "text" : "PALLD"
    }
  }, {
    "css" : { },
    "data" : {
      "sites" : [ {
        "siteBackgroundColor" : "rgb(203,213,255)",
        "siteText" : "p",
        "siteInfo" : "ACIN1_S825 -2.4243114011586915",
        "siteBorderColor" : "rgb(50,50,50)"
      } ],
      "id" : "ACIN1",
      "text" : "ACIN1"
    }
  }, {
    "css" : { },
    "data" : {
      "sites" : [ {
        "siteBackgroundColor" : "rgb(205,214,255)",
        "siteText" : "p",
        "siteInfo" : "RPS27_S78 -2.3391885192278865",
        "siteBorderColor" : "rgb(50,50,50)"
      } ],
      "id" : "RPS27",
      "text" : "RPS27"
    }
  }, {
    "css" : { },
    "data" : {
      "sites" : [ {
        "siteBackgroundColor" : "rgb(202,212,255)",
        "siteText" : "p",
        "siteInfo" : "MTOR_S1261 -2.4432030992953693",
        "siteBorderColor" : "rgb(0,180,20)"
      } ],
      "id" : "MTOR",
      "text" : "MTOR"
    }
  } ],
  "edges" : [ {
    "data" : {
      "tooltipText" : "PRKCB-T634-T499-T323-S15-T313-T641-T16-S660",
      "edgeType" : "dephosphorylates",
      "source" : "SMPD1",
      "pcLinks" : [ "http://pathwaycommons.org/pc12/Control_172c9713567fcabeba907a03429578a5", "http://pathwaycommons.org/pc12/Catalysis_6ebebfd4558f03a00f08e0547ea26b60", "http://pathwaycommons.org/pc12/SmallMolecule_c4bc28d10fa9bbdf311182463f74550d", "http://pathwaycommons.org/pc12/BiochemicalReaction_3185c41e281fb63879912ae9a4924611", "http://pathwaycommons.org/pc12/BiochemicalReaction_686d85d2b28e9a341a405f893d52cdd7" ],
      "target" : "PRKCB"
    }
  }, {
    "data" : {
      "tooltipText" : "RAF1-S43-S259-S289-S301-S642-S296-S29",
      "edgeType" : "phosphorylates",
      "source" : "MAPK1",
      "pcLinks" : [ "http://pathwaycommons.org/pc12/ComplexAssembly_1bb7392d6aa3472af8ce92e14b922681", "PMID:18669648", "http://pathwaycommons.org/pc12/BiochemicalReaction_2f722b3b904e4caab492deb71a4efc4b", "http://pathwaycommons.org/pc12/Catalysis_fb1b31054199b1a9f3fa869d18d6c004", "PMID:18691976", "PMID:20068231", "PMID:15664191", "PMID:19651622", "http://pathwaycommons.org/pc12/Catalysis_8cca8b6fe76590f83fe4e9b6f7233f7b", "http://pathwaycommons.org/pc12/Catalysis_ac8556d90d87dc2b25360550fbaf9883", "PMID:19690332", "PMID:18767875", "PMID:8349614", "http://identifiers.org/reactome/R-HSA-5675194" ],
      "target" : "RAF1"
    }
  }, {
    "data" : {
      "tooltipText" : "MAPK9-Y185-T183",
      "edgeType" : "phosphorylates",
      "source" : "SMPD1",
      "pcLinks" : [ "http://pathwaycommons.org/pc12/BiochemicalReaction_a8bc3ac3537cd3f6659d970177312f93", "http://pathwaycommons.org/pc12/BiochemicalReaction_3ac9cac9d4b0a145d85e9947709d2677", "http://pathwaycommons.org/pc12/SmallMolecule_81336505f6b4b5aefbfa71e78232d32b", "http://pathwaycommons.org/pc12/Catalysis_430b96e1ba3fc28ae74bb568eb44aa57", "http://pathwaycommons.org/pc12/BiochemicalReaction_a97ae97b202f1449312bb9563fb5670d", "http://pathwaycommons.org/pc12/Catalysis_fd7479b0335b403532db48d5a842e2b3", "http://pathwaycommons.org/pc12/Catalysis_7703ce632705ad091b0ab0d5d77bfc0c", "http://pathwaycommons.org/pc12/Catalysis_41914c03910389a14ac32c78775b5d28", "http://pathwaycommons.org/pc12/BiochemicalReaction_af16f85d2986ac7bf71bfa7832351149", "http://pathwaycommons.org/pc12/Catalysis_4a45ed4314e5aec88a046ba6c2829d64", "http://pathwaycommons.org/pc12/BiochemicalReaction_1de6537f1541befa8d81e9922fcd41a7" ],
      "target" : "MAPK9"
    }
  }, {
    "data" : {
      "tooltipText" : "MAPK1-T185-Y187",
      "edgeType" : "phosphorylates",
      "source" : "RPS6KA1",
      "pcLinks" : [ "PMID:12808105", "PMID:10925301", "PMID:21561860", "PMID:16397900", "PMID:16149052", "PMID:22385658", "PMID:21917714", "PMID:31736979", "PMID:21980390", "PMID:23644655", "PMID:12609989", "PMID:17685427", "PMID:20122898", "PMID:20231899", "PMID:28574827", "PMID:10597231", "PMID:25730857", "PMID:21685939", "PMID:17562849", "PMID:19144315", "PMID:21726627", "PMID:19088846", "PMID:11352917", "PMID:18658095", "PMID:26079947", "PMID:18045996", "PMID:31722981", "PMID:18042541", "PMID:15059947", "PMID:27323830", "PMID:21478863", "PMID:25538243", "PMID:26686085", "PMID:17667937", "PMID:19106095", "PMID:15004239", "PMID:18775330", "PMID:21842857", "PMID:19060905", "PMID:9124279", "PMID:18519681", "PMID:20868520", "PMID:21530327" ],
      "target" : "MAPK1"
    }
  }, {
    "data" : {
      "tooltipText" : "RPS6KA1-T359-S732-T368-S221-S363-T573-S372-S380",
      "edgeType" : "phosphorylates",
      "source" : "MAPK1",
      "pcLinks" : [ "http://pathwaycommons.org/pc12/BiochemicalReaction_2439c0365d9e9920f4df5edc973c47ae", "http://pathwaycommons.org/pc12/BiochemicalReaction_f2b802eef5cfeb66575f595df648a56b", "PMID:20068231", "http://pathwaycommons.org/pc12/Catalysis_c62cba78490cf521e3b4c769b89aeefc", "http://pathwaycommons.org/pc12/Catalysis_47f8b76876e069c0a3b9ab1e8406de48", "http://pathwaycommons.org/pc12/Catalysis_39214e6ccf598ce9c5c9fc822b0b4709", "PMID:9430688", "http://pathwaycommons.org/pc12/Catalysis_bebe084cdb8d93842493ad74f0663364", "http://pathwaycommons.org/pc12/Catalysis_7748b562d22e10d92ee170c97af5c57f", "http://identifiers.org/reactome/R-HSA-9619843", "http://pathwaycommons.org/pc12/BiochemicalReaction_dc9fbad6a58eda377b1899daa058953c", "http://pathwaycommons.org/pc12/Catalysis_0f7ed55603e7a6dbbce0ab2c1506f749", "PMID:25730857", "http://pathwaycommons.org/pc12/BiochemicalReaction_09a52a6f18c93c5aa8d554a888a628c7", "http://pathwaycommons.org/pc12/Catalysis_cab49eda7f22f86a4f58aa04901205b0", "PMID:12618428", "PMID:9687510", "http://pathwaycommons.org/pc12/BiochemicalReaction_aa7f81ab574ec8b4e6fcfe9032290e61", "PMID:18669648", "http://pathwaycommons.org/pc12/Catalysis_ce639591d0aa3c507522d6fffd8d8f2a", "PMID:18691976", "PMID:18212344", "http://pathwaycommons.org/pc12/Catalysis_555e045cefc8ddfe2bfe1db9bdd8e727", "PMID:19651622", "http://pathwaycommons.org/pc12/BiochemicalReaction_d0f10aaf1d5a523d5d9621eaae8b2c49", "http://pathwaycommons.org/pc12/Catalysis_78f2e2d5fb2da9058f9b5fdd2db53b17", "http://identifiers.org/reactome/R-HSA-198746", "http://pathwaycommons.org/pc12/Catalysis_89c0638be9353f16f6ea54324df98588", "http://pathwaycommons.org/pc12/BiochemicalReaction_ac0bc9dc8b35089303ff404e31b524b3", "http://pathwaycommons.org/pc12/BiochemicalReaction_4b37fc89591ffa6a160f92c3cb10dfe5", "http://pathwaycommons.org/pc12/BiochemicalReaction_2467148417b76fa7730110a9a60a50eb" ],
      "target" : "RPS6KA1"
    }
  }, {
    "data" : {
      "tooltipText" : "PRKCD-S664-T507",
      "edgeType" : "dephosphorylates",
      "source" : "SMPD1",
      "pcLinks" : [ "http://pathwaycommons.org/pc12/Control_172c9713567fcabeba907a03429578a5", "http://pathwaycommons.org/pc12/TransportWithBiochemicalReaction_dd60e973a6b85bf874b2f80005003cd0", "http://pathwaycommons.org/pc12/SmallMolecule_c4bc28d10fa9bbdf311182463f74550d", "http://pathwaycommons.org/pc12/BiochemicalReaction_3185c41e281fb63879912ae9a4924611", "http://pathwaycommons.org/pc12/Catalysis_f8403b348260e98eacb65332437cbab0" ],
      "target" : "PRKCD"
    }
  } ]
}