{
  "nodes" : [ {
    "css" : { },
    "data" : {
      "sites" : [ {
        "siteBackgroundColor" : "rgb(186,199,255)",
        "siteText" : "p",
        "siteInfo" : "RPS6KA1_S363 -3.186188694306347",
        "siteBorderColor" : "rgb(0,180,20)"
      }, {
        "siteBackgroundColor" : "rgb(153,172,255)",
        "siteText" : "p",
        "siteInfo" : "RPS6KA1_T359_S363 -4.739937653926811",
        "siteBorderColor" : "rgb(0,180,20)"
      } ],
      "id" : "RPS6KA1",
      "text" : "RPS6KA1"
    }
  }, {
    "css" : { },
    "data" : {
      "sites" : [ {
        "siteBackgroundColor" : "rgb(150,170,255)",
        "siteText" : "p",
        "siteInfo" : "MAPK3_Y204 -4.867973680751447",
        "siteBorderColor" : "rgb(0,180,20)"
      } ],
      "id" : "MAPK3",
      "text" : "MAPK3"
    }
  }, {
    "css" : { },
    "data" : {
      "sites" : [ {
        "siteBackgroundColor" : "rgb(203,213,255)",
        "siteText" : "p",
        "siteInfo" : "RAF1_S289_S301 -2.3989182628573054",
        "siteBorderColor" : "rgb(180,0,20)"
      } ],
      "id" : "RAF1",
      "text" : "RAF1"
    }
  }, {
    "css" : { },
    "data" : {
      "sites" : [ {
        "siteBackgroundColor" : "rgb(150,170,255)",
        "siteText" : "p",
        "siteInfo" : "MAPK1_Y187 -4.867973680751447",
        "siteBorderColor" : "rgb(0,180,20)"
      } ],
      "id" : "MAPK1",
      "text" : "MAPK1"
    }
  }, {
    "css" : {
      "borderColor" : "rgb(0,180,20)"
    },
    "data" : {
      "sites" : [ {
        "siteBackgroundColor" : "rgb(255,238,234)",
        "siteText" : "!",
        "siteInfo" : "PPP2CA-active-by-network-sig 1.0",
        "siteBorderColor" : "rgb(0,180,20)"
      } ],
      "id" : "PPP2CA",
      "text" : "PPP2CA"
    }
  }, {
    "css" : { },
    "data" : {
      "sites" : [ {
        "siteBackgroundColor" : "rgb(234,238,255)",
        "siteText" : "i",
        "siteInfo" : "MAP2K2-inactive -1.0",
        "siteBorderColor" : "rgb(0,180,20)"
      } ],
      "id" : "MAP2K2",
      "text" : "MAP2K2"
    }
  }, {
    "css" : { },
    "data" : {
      "sites" : [ {
        "siteBackgroundColor" : "rgb(234,238,255)",
        "siteText" : "i",
        "siteInfo" : "MAP2K1-inactive -1.0",
        "siteBorderColor" : "rgb(0,180,20)"
      } ],
      "id" : "MAP2K1",
      "text" : "MAP2K1"
    }
  }, {
    "css" : { },
    "data" : {
      "sites" : [ {
        "siteBackgroundColor" : "rgb(203,213,255)",
        "siteText" : "p",
        "siteInfo" : "RPS6_S240 -2.3989182628573054",
        "siteBorderColor" : "rgb(0,180,20)"
      } ],
      "id" : "RPS6",
      "text" : "RPS6"
    }
  }, {
    "css" : { },
    "data" : {
      "sites" : [ {
        "siteBackgroundColor" : "rgb(203,213,255)",
        "siteText" : "p",
        "siteInfo" : "MYC_S62 -2.3989182628573054",
        "siteBorderColor" : "rgb(0,180,20)"
      } ],
      "id" : "MYC",
      "text" : "MYC"
    }
  } ],
  "edges" : [ {
    "data" : {
      "tooltipText" : "RPS6KA1-T359-S732-S221-S363-T573-S380",
      "edgeType" : "phosphorylates",
      "source" : "MAPK3",
      "pcLinks" : [ "http://pathwaycommons.org/pc12/BiochemicalReaction_2439c0365d9e9920f4df5edc973c47ae", "http://pathwaycommons.org/pc12/BiochemicalReaction_aa7f81ab574ec8b4e6fcfe9032290e61", "http://pathwaycommons.org/pc12/BiochemicalReaction_f2b802eef5cfeb66575f595df648a56b", "http://pathwaycommons.org/pc12/Catalysis_ce639591d0aa3c507522d6fffd8d8f2a", "http://pathwaycommons.org/pc12/Catalysis_c62cba78490cf521e3b4c769b89aeefc", "http://pathwaycommons.org/pc12/Catalysis_47f8b76876e069c0a3b9ab1e8406de48", "http://pathwaycommons.org/pc12/Catalysis_39214e6ccf598ce9c5c9fc822b0b4709", "http://pathwaycommons.org/pc12/Catalysis_bebe084cdb8d93842493ad74f0663364", "http://pathwaycommons.org/pc12/Catalysis_7748b562d22e10d92ee170c97af5c57f", "http://identifiers.org/reactome/R-HSA-9619843", "http://pathwaycommons.org/pc12/Catalysis_555e045cefc8ddfe2bfe1db9bdd8e727", "http://pathwaycommons.org/pc12/BiochemicalReaction_dc9fbad6a58eda377b1899daa058953c", "http://pathwaycommons.org/pc12/Catalysis_0f7ed55603e7a6dbbce0ab2c1506f749", "http://pathwaycommons.org/pc12/BiochemicalReaction_d0f10aaf1d5a523d5d9621eaae8b2c49", "http://pathwaycommons.org/pc12/BiochemicalReaction_09a52a6f18c93c5aa8d554a888a628c7", "http://pathwaycommons.org/pc12/Catalysis_78f2e2d5fb2da9058f9b5fdd2db53b17", "http://identifiers.org/reactome/R-HSA-198746", "http://pathwaycommons.org/pc12/Catalysis_89c0638be9353f16f6ea54324df98588", "http://pathwaycommons.org/pc12/BiochemicalReaction_ac0bc9dc8b35089303ff404e31b524b3", "http://pathwaycommons.org/pc12/BiochemicalReaction_4b37fc89591ffa6a160f92c3cb10dfe5", "http://pathwaycommons.org/pc12/Catalysis_cab49eda7f22f86a4f58aa04901205b0", "http://pathwaycommons.org/pc12/BiochemicalReaction_2467148417b76fa7730110a9a60a50eb" ],
      "target" : "RPS6KA1"
    }
  }, {
    "data" : {
      "tooltipText" : "RAF1-S43-S259-S289-S301-S642-S296-S29",
      "edgeType" : "phosphorylates",
      "source" : "MAPK1",
      "pcLinks" : [ "http://pathwaycommons.org/pc12/ComplexAssembly_1bb7392d6aa3472af8ce92e14b922681", "PMID:18669648", "http://pathwaycommons.org/pc12/BiochemicalReaction_2f722b3b904e4caab492deb71a4efc4b", "http://pathwaycommons.org/pc12/Catalysis_fb1b31054199b1a9f3fa869d18d6c004", "PMID:18691976", "PMID:20068231", "PMID:15664191", "PMID:19651622", "http://pathwaycommons.org/pc12/Catalysis_8cca8b6fe76590f83fe4e9b6f7233f7b", "http://pathwaycommons.org/pc12/Catalysis_ac8556d90d87dc2b25360550fbaf9883", "PMID:19690332", "PMID:18767875", "PMID:8349614", "http://identifiers.org/reactome/R-HSA-5675194" ],
      "target" : "RAF1"
    }
  }, {
    "data" : {
      "tooltipText" : "RAF1-S259-S289-S301-S642-S296-S29-Y341",
      "edgeType" : "dephosphorylates",
      "source" : "PPP2CA",
      "pcLinks" : [ "http://pathwaycommons.org/pc12/Catalysis_f1cda89149b636995f08e2345a963f37", "http://identifiers.org/reactome/R-HSA-5675431", "http://pathwaycommons.org/pc12/Catalysis_b686c9190b45664680b41bd9c9a7a95a", "http://pathwaycommons.org/pc12/Catalysis_67f7ca7aebdd8c9064b5a25a825d9d28", "http://identifiers.org/reactome/R-HSA-5672961", "http://pathwaycommons.org/pc12/Catalysis_5fbc88c77ba8f624714f3ef61a645b53", "http://pathwaycommons.org/pc12/Catalysis_832a08e607fd4a76c6e56e4ed59a6c3c", "http://pathwaycommons.org/pc12/ComplexAssembly_4ab1d9aa6dcc9c0c9a4f66c7f17bcb05", "http://pathwaycommons.org/pc12/BiochemicalReaction_1732b778ba1ea004395f2a15c0b1c33b", "http://pathwaycommons.org/pc12/BiochemicalReaction_881fd7076758a4f5548026860d724809" ],
      "target" : "RAF1"
    }
  }, {
    "data" : {
      "tooltipText" : "MAPK3-Y204",
      "edgeType" : "phosphorylates",
      "source" : "MAPK1",
      "pcLinks" : [ "PMID:12808105", "PMID:10925301", "PMID:21561860", "PMID:12917346", "PMID:16397900", "PMID:16149052", "PMID:12609989", "PMID:17685427", "PMID:20122898", "PMID:20231899", "PMID:28574827", "PMID:32081857", "PMID:12952943", "PMID:19144315", "PMID:21726627", "PMID:19088846", "PMID:18658095", "PMID:24632852", "PMID:31722981", "PMID:16585161", "PMID:18042541", "PMID:27323830", "PMID:21478863", "PMID:26586479", "PMID:19106095", "PMID:18775330", "PMID:12368275", "PMID:26073130", "PMID:22385658", "PMID:21917714", "PMID:31736979", "PMID:21980390", "PMID:23644655", "PMID:10597231", "PMID:21685939", "PMID:17562849", "PMID:11352917", "PMID:26079947", "PMID:18045996", "PMID:15059947", "PMID:25538243", "PMID:8444886", "PMID:7535768", "PMID:17667937", "PMID:15004239", "PMID:20228268", "PMID:9124279", "PMID:18519681", "PMID:20808799", "PMID:20868520", "PMID:21530327" ],
      "target" : "MAPK3"
    }
  }, {
    "data" : {
      "tooltipText" : "RAF1-S43-S259-S289-S301-S642-S296-S29",
      "edgeType" : "phosphorylates",
      "source" : "MAPK3",
      "pcLinks" : [ "http://pathwaycommons.org/pc12/ComplexAssembly_1bb7392d6aa3472af8ce92e14b922681", "http://pathwaycommons.org/pc12/Catalysis_8cca8b6fe76590f83fe4e9b6f7233f7b", "http://pathwaycommons.org/pc12/BiochemicalReaction_2f722b3b904e4caab492deb71a4efc4b", "http://pathwaycommons.org/pc12/Catalysis_fb1b31054199b1a9f3fa869d18d6c004", "http://pathwaycommons.org/pc12/Catalysis_ac8556d90d87dc2b25360550fbaf9883", "PMID:16407412", "http://identifiers.org/reactome/R-HSA-5675194" ],
      "target" : "RAF1"
    }
  }, {
    "data" : {
      "tooltipText" : "MAPK1-T185-Y187",
      "edgeType" : "phosphorylates",
      "source" : "RPS6KA1",
      "pcLinks" : [ "PMID:12808105", "PMID:10925301", "PMID:21561860", "PMID:16397900", "PMID:16149052", "PMID:22385658", "PMID:21917714", "PMID:31736979", "PMID:21980390", "PMID:23644655", "PMID:12609989", "PMID:17685427", "PMID:20122898", "PMID:20231899", "PMID:28574827", "PMID:10597231", "PMID:25730857", "PMID:21685939", "PMID:17562849", "PMID:19144315", "PMID:21726627", "PMID:19088846", "PMID:11352917", "PMID:18658095", "PMID:26079947", "PMID:18045996", "PMID:31722981", "PMID:18042541", "PMID:15059947", "PMID:27323830", "PMID:21478863", "PMID:25538243", "PMID:26686085", "PMID:17667937", "PMID:19106095", "PMID:15004239", "PMID:18775330", "PMID:21842857", "PMID:19060905", "PMID:9124279", "PMID:18519681", "PMID:20868520", "PMID:21530327" ],
      "target" : "MAPK1"
    }
  }, {
    "data" : {
      "tooltipText" : "RPS6KA1-T359-S732-T368-S221-S363-T573-S372-S380",
      "edgeType" : "phosphorylates",
      "source" : "MAPK1",
      "pcLinks" : [ "http://pathwaycommons.org/pc12/BiochemicalReaction_2439c0365d9e9920f4df5edc973c47ae", "http://pathwaycommons.org/pc12/BiochemicalReaction_f2b802eef5cfeb66575f595df648a56b", "PMID:20068231", "http://pathwaycommons.org/pc12/Catalysis_c62cba78490cf521e3b4c769b89aeefc", "http://pathwaycommons.org/pc12/Catalysis_47f8b76876e069c0a3b9ab1e8406de48", "http://pathwaycommons.org/pc12/Catalysis_39214e6ccf598ce9c5c9fc822b0b4709", "PMID:9430688", "http://pathwaycommons.org/pc12/Catalysis_bebe084cdb8d93842493ad74f0663364", "http://pathwaycommons.org/pc12/Catalysis_7748b562d22e10d92ee170c97af5c57f", "http://identifiers.org/reactome/R-HSA-9619843", "http://pathwaycommons.org/pc12/BiochemicalReaction_dc9fbad6a58eda377b1899daa058953c", "http://pathwaycommons.org/pc12/Catalysis_0f7ed55603e7a6dbbce0ab2c1506f749", "PMID:25730857", "http://pathwaycommons.org/pc12/BiochemicalReaction_09a52a6f18c93c5aa8d554a888a628c7", "http://pathwaycommons.org/pc12/Catalysis_cab49eda7f22f86a4f58aa04901205b0", "PMID:12618428", "PMID:9687510", "http://pathwaycommons.org/pc12/BiochemicalReaction_aa7f81ab574ec8b4e6fcfe9032290e61", "PMID:18669648", "http://pathwaycommons.org/pc12/Catalysis_ce639591d0aa3c507522d6fffd8d8f2a", "PMID:18691976", "PMID:18212344", "http://pathwaycommons.org/pc12/Catalysis_555e045cefc8ddfe2bfe1db9bdd8e727", "PMID:19651622", "http://pathwaycommons.org/pc12/BiochemicalReaction_d0f10aaf1d5a523d5d9621eaae8b2c49", "http://pathwaycommons.org/pc12/Catalysis_78f2e2d5fb2da9058f9b5fdd2db53b17", "http://identifiers.org/reactome/R-HSA-198746", "http://pathwaycommons.org/pc12/Catalysis_89c0638be9353f16f6ea54324df98588", "http://pathwaycommons.org/pc12/BiochemicalReaction_ac0bc9dc8b35089303ff404e31b524b3", "http://pathwaycommons.org/pc12/BiochemicalReaction_4b37fc89591ffa6a160f92c3cb10dfe5", "http://pathwaycommons.org/pc12/BiochemicalReaction_2467148417b76fa7730110a9a60a50eb" ],
      "target" : "RPS6KA1"
    }
  }, {
    "data" : {
      "tooltipText" : "MAPK1-T182-S29-T185-Y184-Y187",
      "edgeType" : "phosphorylates",
      "source" : "MAP2K2",
      "pcLinks" : [ "http://pathwaycommons.org/pc12/Catalysis_2ccce728634aeeb71d39c10690b6d7eb", "http://pathwaycommons.org/pc12/Catalysis_5c7fd0e26e15a2b41742c2717fd590f8", "http://pathwaycommons.org/pc12/Catalysis_a0bde610852131088b7e2ad00314f069", "http://pathwaycommons.org/pc12/BiochemicalReaction_051721f4e784387f18422c4bece97a38", "http://pathwaycommons.org/pc12/BiochemicalReaction_5f84301b5d246484161d0084e089441d", "http://identifiers.org/reactome/R-HSA-6802921", "http://identifiers.org/reactome/R-HSA-6802922", "http://pathwaycommons.org/pc12/BiochemicalReaction_5c596683a304e8d1559a9e5ed7ff2d5e", "http://pathwaycommons.org/pc12/BiochemicalReaction_5889307d26e9864761527a5f8bda7864", "PMID:19447520", "http://pathwaycommons.org/pc12/BiochemicalReaction_429234bb8e6df08d32df3ee0852d21f4", "http://pathwaycommons.org/pc12/Catalysis_0a09bae1e77c2900877cf01a0a00bfbc", "http://pathwaycommons.org/pc12/BiochemicalReaction_773ba31a6f562b99c02adfbfcd8cade4", "http://identifiers.org/reactome/R-HSA-6802918", "http://pathwaycommons.org/pc12/Catalysis_bd99d47c8dd765cea7b3ef6d46fd2676", "http://pathwaycommons.org/pc12/BiochemicalReaction_99c147e6c587c47ae4b6448bd56a26a6", "http://pathwaycommons.org/pc12/Catalysis_cab1e51d9066f0ff03d1daa06fcc3e25", "PMID:18669648", "http://pathwaycommons.org/pc12/Catalysis_3374ae3b7da928d5a048c31fa419012f", "http://pathwaycommons.org/pc12/Catalysis_abbc3bcec4933e183247077a5ada276c", "http://pathwaycommons.org/pc12/Catalysis_b998a5d87f0a8cd36065ad43757e4edb", "http://pathwaycommons.org/pc12/Catalysis_0d1ddcaaa6ff062bbbb0a5586844ac5f", "http://identifiers.org/reactome/R-HSA-6802910", "http://pathwaycommons.org/pc12/BiochemicalReaction_3ff0cb5a79c80b4b4ae1d6f053b2c8b4", "http://pathwaycommons.org/pc12/Catalysis_f9ecd1d434e2068720d1843e640e79da", "http://pathwaycommons.org/pc12/Catalysis_e4e4b078f08c95d61c3e5b9f0d9b44b6", "http://pathwaycommons.org/pc12/BiochemicalReaction_3c17c0ab62b13ab1267bc4f922e89f04", "http://pathwaycommons.org/pc12/BiochemicalReaction_cdb0b9fdc8db1444c6dd877eee421954", "http://pathwaycommons.org/pc12/BiochemicalReaction_6fcd5c7f840fc7b55269d27e0b37109e", "http://pathwaycommons.org/pc12/BiochemicalReaction_565cb53cd71b831e9d99004fff6c50db", "http://pathwaycommons.org/pc12/Catalysis_7f91b9296a00dc80de0fcd20316737be", "http://pathwaycommons.org/pc12/Catalysis_54b19f13dd15bc8b5889397176f3ab95", "http://pathwaycommons.org/pc12/Catalysis_b1d8d88af20439b1f1ba44a65c3d945e", "http://pathwaycommons.org/pc12/BiochemicalReaction_4f689747397d98089c551022a3ae2d88", "http://pathwaycommons.org/pc12/Catalysis_41244f3046d115725622c51de93d0574", "http://pathwaycommons.org/pc12/BiochemicalReaction_c786a9fb201028c293837695bb7c6875", "http://pathwaycommons.org/pc12/BiochemicalReaction_c52efc3957a50727ac18c8b590af9d9c", "http://pathwaycommons.org/pc12/Catalysis_b9a2feb863468b45f28a901a26abae65", "http://pathwaycommons.org/pc12/Catalysis_67e7c13866160c52227757b27192b0e6", "http://pathwaycommons.org/pc12/Catalysis_7fa17de674ca3b4373cd8d1c44ea1b62", "http://pathwaycommons.org/pc12/Catalysis_23a4c5b0fe4a0ac22dfc82dc6f1fe180", "http://pathwaycommons.org/pc12/BiochemicalReaction_22f972277dae5f80fb689cf8981e7a69", "http://pathwaycommons.org/pc12/Catalysis_2aa909d7effcba020b84e073775d173b", "http://pathwaycommons.org/pc12/Catalysis_799d3d14c9b8b246dc6c6f4ee39decb7", "http://pathwaycommons.org/pc12/BiochemicalReaction_dbc5d846f52ffede9513dda161d0fc4d", "http://pathwaycommons.org/pc12/BiochemicalReaction_802b4269f8106c8e6e7f7d1a09973b69", "http://pathwaycommons.org/pc12/BiochemicalReaction_038f3145f6a93141af694fb89b49371d", "http://pathwaycommons.org/pc12/BiochemicalReaction_5b924057d1e708f08b129481b76b8177", "http://identifiers.org/reactome/R-HSA-109862", "http://pathwaycommons.org/pc12/Catalysis_76025cd575c25702b3091747842354c8", "http://pathwaycommons.org/pc12/Catalysis_a2066d3d885ec001b396038f27a6327b", "http://pathwaycommons.org/pc12/Catalysis_5d0108549a5a1b800e6ec845d00fef8d", "http://pathwaycommons.org/pc12/Catalysis_393de54fd6505e1ddeb9295ef3040de3", "http://pathwaycommons.org/pc12/Catalysis_8af8d9db5a21997541ac20195c559508", "http://pathwaycommons.org/pc12/Catalysis_9b704b9c3a35eb517643d46e373439e9", "http://pathwaycommons.org/pc12/BiochemicalReaction_03be9ae4b5bbae66c4865dd59c46101c", "http://pathwaycommons.org/pc12/Catalysis_a16a74c28b6564b0cbef8ba982b17290", "http://pathwaycommons.org/pc12/BiochemicalReaction_a1f7d7eb947eb0ca21d6a9065a4cb1d7", "http://pathwaycommons.org/pc12/Catalysis_561564b9a3ee3adec8a2626d86c03d24", "http://pathwaycommons.org/pc12/Catalysis_3b10db7f60c9b4c178a7354df9bd50f4", "http://pathwaycommons.org/pc12/BiochemicalReaction_711fbb7b00eb915058a0a2588e5e1b27", "http://pathwaycommons.org/pc12/Catalysis_e82f13cc1d59d6dc30d894885696a22d", "http://pathwaycommons.org/pc12/BiochemicalReaction_f0690fbab45176d21f42eddb8ab600ad", "PMID:11971971", "http://pathwaycommons.org/pc12/Catalysis_42ccfc0c559304d439e0b0b3cc6cae94", "http://pathwaycommons.org/pc12/BiochemicalReaction_dccd0959ce2fd94928bf47a2139ec73c", "http://pathwaycommons.org/pc12/Catalysis_a9f3319caa836671fc5b7c61316b7e02", "http://pathwaycommons.org/pc12/Catalysis_82df19ad9772080a945a8225a26b3466", "http://pathwaycommons.org/pc12/BiochemicalReaction_01fc2be12c8f8e0ad6bae5ed94d10882", "http://pathwaycommons.org/pc12/Catalysis_af870d519fd9c80def8d05618f3d90e7", "http://pathwaycommons.org/pc12/Catalysis_60b2d96e628b0a98c973204278a6534e", "PMID:21365009", "http://pathwaycommons.org/pc12/BiochemicalReaction_7bf5e27ff38ef5e5eb5a6866acee5ac5", "http://pathwaycommons.org/pc12/Catalysis_6810543c1a4e8070bbf68b7e55d7cef5", "http://pathwaycommons.org/pc12/BiochemicalReaction_c046a0e3ad78ed9eb1f4ea5852d991ac", "http://pathwaycommons.org/pc12/Catalysis_f06fe042fe3f3cf74b4e2d6af3feea1f", "http://pathwaycommons.org/pc12/Catalysis_977326103e30afe0d6cfae8f2a3b8e4a", "http://identifiers.org/reactome/R-HSA-5672973", "http://pathwaycommons.org/pc12/BiochemicalReaction_165730ab6091393ded48e8881a3a7092", "http://pathwaycommons.org/pc12/BiochemicalReaction_62c37da5c2e30764c8fb276a407e1e4a", "http://pathwaycommons.org/pc12/Catalysis_fc302c015229bba275a36dc5c206045e", "http://pathwaycommons.org/pc12/BiochemicalReaction_f00218fa8e5b7be831c0621c5ee32243", "http://pathwaycommons.org/pc12/BiochemicalReaction_9a7ef505ca3cbd04b8253f552a088b46", "http://pathwaycommons.org/pc12/BiochemicalReaction_5f71f9b5a236028df4e2dbea4482d608", "http://pathwaycommons.org/pc12/BiochemicalReaction_5271ab5d568f463bffa8bb378e8aa257", "http://pathwaycommons.org/pc12/Catalysis_c7ba1d05bf40b46d09f1cb8a193e735f", "http://pathwaycommons.org/pc12/BiochemicalReaction_54d7af6b326417780d8bcd1ccf0f61f8", "http://pathwaycommons.org/pc12/BiochemicalReaction_db546b338218c38ffbfff428ec233be9", "http://pathwaycommons.org/pc12/Catalysis_b137ec0aa59e6005bbfb7ca035ff3755", "http://pathwaycommons.org/pc12/BiochemicalReaction_d2659cc19bfbc1075e1296b3e6aa0d98", "PMID:8226933", "http://pathwaycommons.org/pc12/Catalysis_7faeeab51c7e08c0163e51dd33aef973", "http://pathwaycommons.org/pc12/BiochemicalReaction_b576aa2d7aaf4343903b585045acf1da", "http://pathwaycommons.org/pc12/BiochemicalReaction_cda61f10efaf789c2e7251f3cd90b1cc", "http://pathwaycommons.org/pc12/Catalysis_e48e169f330fb375574e3d70231f02e4", "http://pathwaycommons.org/pc12/BiochemicalReaction_8e6df794960d92707849584e9473b9d3", "http://pathwaycommons.org/pc12/Catalysis_8f2c07c08c54c2f4643d698e92d06492", "http://identifiers.org/reactome/R-HSA-5674373", "http://pathwaycommons.org/pc12/BiochemicalReaction_6ca439ef582933d62d4f4c3106147fea", "http://pathwaycommons.org/pc12/Catalysis_5e557dc3ccfb3c0f524b4a09e548f7fd", "http://pathwaycommons.org/pc12/Catalysis_990d0a95a8faa4a99df5ed0e0d9e76d1", "http://pathwaycommons.org/pc12/BiochemicalReaction_4e9bbb2f79c410f467acd1dce3d4c048", "http://pathwaycommons.org/pc12/Catalysis_b02508a42024fb7f42a95f0d537eefbe", "http://pathwaycommons.org/pc12/Catalysis_2880563823086462b259710489a4bfee", "http://pathwaycommons.org/pc12/Catalysis_dd7d540a2e13d01cc525dc49b63dbeb6", "http://pathwaycommons.org/pc12/Catalysis_ddb6b5a4066c103b456eef51dbd6aeee", "http://identifiers.org/reactome/R-HSA-6802935", "http://pathwaycommons.org/pc12/BiochemicalReaction_82e1ffc03836d22637373e8883b02376", "http://pathwaycommons.org/pc12/Catalysis_bc5f0d0138b90a1a22d002ce5908b5d3", "http://pathwaycommons.org/pc12/BiochemicalReaction_d8db945d9bb0293e9c04663a892b16b8", "http://pathwaycommons.org/pc12/BiochemicalReaction_56fec07ef3a3955c7c2f4a80a1654999", "http://pathwaycommons.org/pc12/Catalysis_6dcaacd0ebb9a99cffa1a93390bdc4a5", "http://pathwaycommons.org/pc12/BiochemicalReaction_c06a68f05a7a9792207fc16fbc72369b", "http://pathwaycommons.org/pc12/BiochemicalReaction_4e449f7211c80024e33e0672cf62b687", "http://pathwaycommons.org/pc12/Catalysis_8e224e7b272a0697f6176275776be680" ],
      "target" : "MAPK1"
    }
  }, {
    "data" : {
      "tooltipText" : "MAPK3-Y222-Y210-T207-Y204-Y203-T202-T201-T80",
      "edgeType" : "phosphorylates",
      "source" : "MAP2K1",
      "pcLinks" : [ "http://pathwaycommons.org/pc12/Catalysis_2ccce728634aeeb71d39c10690b6d7eb", "", "http://pathwaycommons.org/pc12/Catalysis_5c7fd0e26e15a2b41742c2717fd590f8", "PMID:9677429", "http://pathwaycommons.org/pc12/Catalysis_a0bde610852131088b7e2ad00314f069", "http://pathwaycommons.org/pc12/BiochemicalReaction_051721f4e784387f18422c4bece97a38", "http://pathwaycommons.org/pc12/BiochemicalReaction_5f84301b5d246484161d0084e089441d", "http://identifiers.org/reactome/R-HSA-6802921", "http://identifiers.org/reactome/R-HSA-6802922", "http://pathwaycommons.org/pc12/BiochemicalReaction_5c596683a304e8d1559a9e5ed7ff2d5e", "http://pathwaycommons.org/pc12/BiochemicalReaction_5889307d26e9864761527a5f8bda7864", "http://pathwaycommons.org/pc12/Catalysis_0a09bae1e77c2900877cf01a0a00bfbc", "http://pathwaycommons.org/pc12/BiochemicalReaction_773ba31a6f562b99c02adfbfcd8cade4", "http://pathwaycommons.org/pc12/BiochemicalReaction_e531a62e451ae2df9f7a5d11611468c6", "http://identifiers.org/reactome/R-HSA-6802918", "http://pathwaycommons.org/pc12/Catalysis_bd99d47c8dd765cea7b3ef6d46fd2676", "http://pathwaycommons.org/pc12/BiochemicalReaction_99c147e6c587c47ae4b6448bd56a26a6", "http://pathwaycommons.org/pc12/Catalysis_cab1e51d9066f0ff03d1daa06fcc3e25", "PMID:18669648", "http://pathwaycommons.org/pc12/Catalysis_aaf2638b81d19d0c285f6de6b0f0d8a1", "http://pathwaycommons.org/pc12/Catalysis_3374ae3b7da928d5a048c31fa419012f", "http://pathwaycommons.org/pc12/BiochemicalReaction_70f80772caba83ef468b57b77ae853a4", "http://pathwaycommons.org/pc12/BiochemicalReaction_2f6f783547c9869c9255c7e4f74dda8f", "http://pathwaycommons.org/pc12/Catalysis_abbc3bcec4933e183247077a5ada276c", "http://pathwaycommons.org/pc12/Catalysis_b998a5d87f0a8cd36065ad43757e4edb", "http://pathwaycommons.org/pc12/Catalysis_0d1ddcaaa6ff062bbbb0a5586844ac5f", "http://pathwaycommons.org/pc12/BiochemicalReaction_f2ac39d34d2b7e1a7c0ef101cf53b5d6", "http://identifiers.org/reactome/R-HSA-6802910", "http://pathwaycommons.org/pc12/BiochemicalReaction_3ff0cb5a79c80b4b4ae1d6f053b2c8b4", "http://pathwaycommons.org/pc12/Catalysis_9235ff6b6e5ed116c7729a671fe2f3ee", "http://pathwaycommons.org/pc12/Catalysis_f9ecd1d434e2068720d1843e640e79da", "http://pathwaycommons.org/pc12/Catalysis_e4e4b078f08c95d61c3e5b9f0d9b44b6", "http://pathwaycommons.org/pc12/BiochemicalReaction_3c17c0ab62b13ab1267bc4f922e89f04", "http://pathwaycommons.org/pc12/Catalysis_0a7c43f0d20f8deb5e77f2aa03b70903", "http://pathwaycommons.org/pc12/BiochemicalReaction_cdb0b9fdc8db1444c6dd877eee421954", "http://pathwaycommons.org/pc12/BiochemicalReaction_6fcd5c7f840fc7b55269d27e0b37109e", "http://pathwaycommons.org/pc12/BiochemicalReaction_565cb53cd71b831e9d99004fff6c50db", "http://pathwaycommons.org/pc12/Catalysis_7f91b9296a00dc80de0fcd20316737be", "http://pathwaycommons.org/pc12/Catalysis_54b19f13dd15bc8b5889397176f3ab95", "http://pathwaycommons.org/pc12/Catalysis_b1d8d88af20439b1f1ba44a65c3d945e", "http://pathwaycommons.org/pc12/BiochemicalReaction_4f689747397d98089c551022a3ae2d88", "http://pathwaycommons.org/pc12/Catalysis_41244f3046d115725622c51de93d0574", "http://pathwaycommons.org/pc12/BiochemicalReaction_c786a9fb201028c293837695bb7c6875", "http://pathwaycommons.org/pc12/BiochemicalReaction_c52efc3957a50727ac18c8b590af9d9c", "http://pathwaycommons.org/pc12/Catalysis_b9a2feb863468b45f28a901a26abae65", "http://pathwaycommons.org/pc12/Catalysis_67e7c13866160c52227757b27192b0e6", "http://pathwaycommons.org/pc12/Catalysis_7fa17de674ca3b4373cd8d1c44ea1b62", "http://pathwaycommons.org/pc12/Catalysis_23a4c5b0fe4a0ac22dfc82dc6f1fe180", "http://pathwaycommons.org/pc12/BiochemicalReaction_22f972277dae5f80fb689cf8981e7a69", "http://pathwaycommons.org/pc12/Catalysis_2aa909d7effcba020b84e073775d173b", "PMID:8626767", "http://pathwaycommons.org/pc12/BiochemicalReaction_964d70fec2d6589209b956108c219a71", "http://pathwaycommons.org/pc12/Catalysis_799d3d14c9b8b246dc6c6f4ee39decb7", "http://pathwaycommons.org/pc12/BiochemicalReaction_dbc5d846f52ffede9513dda161d0fc4d", "http://pathwaycommons.org/pc12/Catalysis_e4bd985b89d4324424b06a4cd63d1da6", "http://pathwaycommons.org/pc12/BiochemicalReaction_802b4269f8106c8e6e7f7d1a09973b69", "http://pathwaycommons.org/pc12/BiochemicalReaction_038f3145f6a93141af694fb89b49371d", "http://pathwaycommons.org/pc12/BiochemicalReaction_5b924057d1e708f08b129481b76b8177", "PMID:26823016", "http://identifiers.org/reactome/R-HSA-109860", "http://pathwaycommons.org/pc12/Catalysis_76025cd575c25702b3091747842354c8", "http://pathwaycommons.org/pc12/BiochemicalReaction_0167d1bba3426b38b3cf333c1df8546e", "http://pathwaycommons.org/pc12/Catalysis_5d0108549a5a1b800e6ec845d00fef8d", "http://pathwaycommons.org/pc12/Catalysis_393de54fd6505e1ddeb9295ef3040de3", "http://pathwaycommons.org/pc12/Catalysis_9b704b9c3a35eb517643d46e373439e9", "http://pathwaycommons.org/pc12/BiochemicalReaction_03be9ae4b5bbae66c4865dd59c46101c", "http://pathwaycommons.org/pc12/BiochemicalReaction_7571ee4b59fcc06fd46e4e0c7e901b0c", "http://pathwaycommons.org/pc12/Catalysis_a16a74c28b6564b0cbef8ba982b17290", "http://pathwaycommons.org/pc12/BiochemicalReaction_a1f7d7eb947eb0ca21d6a9065a4cb1d7", "http://pathwaycommons.org/pc12/Catalysis_561564b9a3ee3adec8a2626d86c03d24", "http://pathwaycommons.org/pc12/BiochemicalReaction_711fbb7b00eb915058a0a2588e5e1b27", "http://pathwaycommons.org/pc12/Catalysis_e82f13cc1d59d6dc30d894885696a22d", "http://pathwaycommons.org/pc12/Catalysis_8947745cac9e8371d560b48dbc8280b3", "PMID:11971971", "PMID:16153436", "http://pathwaycommons.org/pc12/Catalysis_c693d604ccc84ec1915ec8f29905a0d3", "http://pathwaycommons.org/pc12/Catalysis_42ccfc0c559304d439e0b0b3cc6cae94", "http://pathwaycommons.org/pc12/BiochemicalReaction_dccd0959ce2fd94928bf47a2139ec73c", "http://pathwaycommons.org/pc12/Catalysis_a9f3319caa836671fc5b7c61316b7e02", "http://pathwaycommons.org/pc12/Catalysis_82df19ad9772080a945a8225a26b3466", "http://pathwaycommons.org/pc12/BiochemicalReaction_01fc2be12c8f8e0ad6bae5ed94d10882", "http://pathwaycommons.org/pc12/Catalysis_af870d519fd9c80def8d05618f3d90e7", "http://pathwaycommons.org/pc12/BiochemicalReaction_fdfd2e34545bf9813d12f3dad62fde85", "http://pathwaycommons.org/pc12/Catalysis_60b2d96e628b0a98c973204278a6534e", "http://pathwaycommons.org/pc12/BiochemicalReaction_7bf5e27ff38ef5e5eb5a6866acee5ac5", "http://pathwaycommons.org/pc12/Catalysis_6810543c1a4e8070bbf68b7e55d7cef5", "http://pathwaycommons.org/pc12/BiochemicalReaction_c046a0e3ad78ed9eb1f4ea5852d991ac", "http://pathwaycommons.org/pc12/Catalysis_393fe2b93cc360b7c3f73281d396e8f2", "http://pathwaycommons.org/pc12/Catalysis_f06fe042fe3f3cf74b4e2d6af3feea1f", "PMID:16585161", "http://pathwaycommons.org/pc12/Catalysis_977326103e30afe0d6cfae8f2a3b8e4a", "http://pathwaycommons.org/pc12/Catalysis_8757fee88866d80566bdbbfac458205e", "http://identifiers.org/reactome/R-HSA-5672973", "http://pathwaycommons.org/pc12/BiochemicalReaction_165730ab6091393ded48e8881a3a7092", "http://pathwaycommons.org/pc12/BiochemicalReaction_62c37da5c2e30764c8fb276a407e1e4a", "http://pathwaycommons.org/pc12/Catalysis_fc302c015229bba275a36dc5c206045e", "http://pathwaycommons.org/pc12/BiochemicalReaction_f00218fa8e5b7be831c0621c5ee32243", "http://pathwaycommons.org/pc12/BiochemicalReaction_9a7ef505ca3cbd04b8253f552a088b46", "http://pathwaycommons.org/pc12/BiochemicalReaction_5f71f9b5a236028df4e2dbea4482d608", "http://pathwaycommons.org/pc12/Catalysis_c7ba1d05bf40b46d09f1cb8a193e735f", "http://pathwaycommons.org/pc12/BiochemicalReaction_54d7af6b326417780d8bcd1ccf0f61f8", "http://pathwaycommons.org/pc12/BiochemicalReaction_20ab3ad3df0058a8cd3908c9aa662ffa", "http://pathwaycommons.org/pc12/BiochemicalReaction_db546b338218c38ffbfff428ec233be9", "http://pathwaycommons.org/pc12/Catalysis_afd92fd7920a97847db83b7d3a3fc199", "http://pathwaycommons.org/pc12/BiochemicalReaction_38832e19d16e3112febc1b0bef82b76b", "http://pathwaycommons.org/pc12/Catalysis_497ddd36874618d94ca00d9deb47c5de", "http://pathwaycommons.org/pc12/Catalysis_b137ec0aa59e6005bbfb7ca035ff3755", "http://pathwaycommons.org/pc12/BiochemicalReaction_d2659cc19bfbc1075e1296b3e6aa0d98", "PMID:8226933", "http://pathwaycommons.org/pc12/Catalysis_621b98ded2c5e1577f61ec0e948de5c5", "http://pathwaycommons.org/pc12/BiochemicalReaction_b1c4d9e4dc485654e4fd290a875458bb", "http://pathwaycommons.org/pc12/BiochemicalReaction_b576aa2d7aaf4343903b585045acf1da", "http://pathwaycommons.org/pc12/Catalysis_31da740d073a1a9f4fe8b11eff3f78f8", "http://pathwaycommons.org/pc12/BiochemicalReaction_cda61f10efaf789c2e7251f3cd90b1cc", "http://pathwaycommons.org/pc12/Catalysis_e48e169f330fb375574e3d70231f02e4", "http://pathwaycommons.org/pc12/BiochemicalReaction_8e6df794960d92707849584e9473b9d3", "http://pathwaycommons.org/pc12/Catalysis_815ae02503d7c50d0883c49ebd1d0422", "PMID:15939799", "http://identifiers.org/reactome/R-HSA-5674373", "http://pathwaycommons.org/pc12/BiochemicalReaction_6ca439ef582933d62d4f4c3106147fea", "http://pathwaycommons.org/pc12/Catalysis_5e557dc3ccfb3c0f524b4a09e548f7fd", "http://pathwaycommons.org/pc12/Catalysis_990d0a95a8faa4a99df5ed0e0d9e76d1", "http://pathwaycommons.org/pc12/BiochemicalReaction_4e9bbb2f79c410f467acd1dce3d4c048", "http://pathwaycommons.org/pc12/Catalysis_b02508a42024fb7f42a95f0d537eefbe", "http://pathwaycommons.org/pc12/Catalysis_2880563823086462b259710489a4bfee", "http://pathwaycommons.org/pc12/Catalysis_dd7d540a2e13d01cc525dc49b63dbeb6", "http://pathwaycommons.org/pc12/Catalysis_ddb6b5a4066c103b456eef51dbd6aeee", "http://identifiers.org/reactome/R-HSA-6802935", "http://pathwaycommons.org/pc12/BiochemicalReaction_82e1ffc03836d22637373e8883b02376", "http://pathwaycommons.org/pc12/Catalysis_bc5f0d0138b90a1a22d002ce5908b5d3", "http://pathwaycommons.org/pc12/BiochemicalReaction_d8db945d9bb0293e9c04663a892b16b8", "http://pathwaycommons.org/pc12/BiochemicalReaction_56fec07ef3a3955c7c2f4a80a1654999", "http://pathwaycommons.org/pc12/BiochemicalReaction_c06a68f05a7a9792207fc16fbc72369b", "http://pathwaycommons.org/pc12/BiochemicalReaction_4e449f7211c80024e33e0672cf62b687", "http://pathwaycommons.org/pc12/Catalysis_8e224e7b272a0697f6176275776be680", "http://pathwaycommons.org/pc12/Catalysis_f87442db76ad437080d19183321c1661" ],
      "target" : "MAPK3"
    }
  }, {
    "data" : {
      "tooltipText" : "RPS6-S236-S235-S244-S240",
      "edgeType" : "phosphorylates",
      "source" : "RPS6KA1",
      "pcLinks" : [ "PMID:18669648", "PMID:17360704", "PMID:21233202" ],
      "target" : "RPS6"
    }
  }, {
    "data" : {
      "tooltipText" : "MAPK1-T63-T182-Y205-S29-T185-Y185-Y184-Y187-T183",
      "edgeType" : "phosphorylates",
      "source" : "MAP2K1",
      "pcLinks" : [ "http://pathwaycommons.org/pc12/Catalysis_2ccce728634aeeb71d39c10690b6d7eb", "", "http://pathwaycommons.org/pc12/Catalysis_5c7fd0e26e15a2b41742c2717fd590f8", "http://pathwaycommons.org/pc12/Catalysis_f9c38d6eefdeff4660b0aff6f0ff3876", "PMID:9677429", "http://pathwaycommons.org/pc12/Catalysis_a0bde610852131088b7e2ad00314f069", "http://pathwaycommons.org/pc12/BiochemicalReaction_051721f4e784387f18422c4bece97a38", "http://pathwaycommons.org/pc12/BiochemicalReaction_5f84301b5d246484161d0084e089441d", "http://identifiers.org/reactome/R-HSA-6802921", "http://identifiers.org/reactome/R-HSA-6802922", "http://pathwaycommons.org/pc12/BiochemicalReaction_5c596683a304e8d1559a9e5ed7ff2d5e", "http://pathwaycommons.org/pc12/BiochemicalReaction_5889307d26e9864761527a5f8bda7864", "PMID:19447520", "http://pathwaycommons.org/pc12/Catalysis_9c7f85073842f114f86c780b3781f14e", "http://pathwaycommons.org/pc12/Catalysis_0a09bae1e77c2900877cf01a0a00bfbc", "http://pathwaycommons.org/pc12/BiochemicalReaction_0ae0c0d922c6d1723000a49031265ee9", "http://pathwaycommons.org/pc12/BiochemicalReaction_773ba31a6f562b99c02adfbfcd8cade4", "http://pathwaycommons.org/pc12/BiochemicalReaction_e531a62e451ae2df9f7a5d11611468c6", "http://identifiers.org/reactome/R-HSA-6802918", "http://pathwaycommons.org/pc12/Catalysis_bd99d47c8dd765cea7b3ef6d46fd2676", "http://pathwaycommons.org/pc12/BiochemicalReaction_99c147e6c587c47ae4b6448bd56a26a6", "http://pathwaycommons.org/pc12/Catalysis_cab1e51d9066f0ff03d1daa06fcc3e25", "PMID:17016520", "PMID:18669648", "http://pathwaycommons.org/pc12/Catalysis_3374ae3b7da928d5a048c31fa419012f", "http://pathwaycommons.org/pc12/BiochemicalReaction_2f6f783547c9869c9255c7e4f74dda8f", "http://pathwaycommons.org/pc12/Catalysis_abbc3bcec4933e183247077a5ada276c", "http://pathwaycommons.org/pc12/BiochemicalReaction_261a2f276c6e3d3bdafd99bfbbe907c1", "http://pathwaycommons.org/pc12/Catalysis_b998a5d87f0a8cd36065ad43757e4edb", "http://pathwaycommons.org/pc12/Catalysis_0d1ddcaaa6ff062bbbb0a5586844ac5f", "http://pathwaycommons.org/pc12/BiochemicalReaction_f2ac39d34d2b7e1a7c0ef101cf53b5d6", "http://identifiers.org/reactome/R-HSA-6802910", "PMID:18707149", "http://pathwaycommons.org/pc12/BiochemicalReaction_3ff0cb5a79c80b4b4ae1d6f053b2c8b4", "http://pathwaycommons.org/pc12/Catalysis_9235ff6b6e5ed116c7729a671fe2f3ee", "http://pathwaycommons.org/pc12/Catalysis_f9ecd1d434e2068720d1843e640e79da", "http://pathwaycommons.org/pc12/Catalysis_e4e4b078f08c95d61c3e5b9f0d9b44b6", "http://pathwaycommons.org/pc12/BiochemicalReaction_3c17c0ab62b13ab1267bc4f922e89f04", "http://pathwaycommons.org/pc12/BiochemicalReaction_cdb0b9fdc8db1444c6dd877eee421954", "http://pathwaycommons.org/pc12/BiochemicalReaction_6fcd5c7f840fc7b55269d27e0b37109e", "http://pathwaycommons.org/pc12/BiochemicalReaction_565cb53cd71b831e9d99004fff6c50db", "http://pathwaycommons.org/pc12/Catalysis_7f91b9296a00dc80de0fcd20316737be", "PMID:16497976", "http://pathwaycommons.org/pc12/Catalysis_3ba535468bc7d8b312a85310fa314fdd", "http://pathwaycommons.org/pc12/Catalysis_54b19f13dd15bc8b5889397176f3ab95", "http://pathwaycommons.org/pc12/Catalysis_b1d8d88af20439b1f1ba44a65c3d945e", "http://pathwaycommons.org/pc12/BiochemicalReaction_4f689747397d98089c551022a3ae2d88", "http://pathwaycommons.org/pc12/Catalysis_41244f3046d115725622c51de93d0574", "http://pathwaycommons.org/pc12/BiochemicalReaction_c786a9fb201028c293837695bb7c6875", "PMID:20068231", "http://pathwaycommons.org/pc12/BiochemicalReaction_c52efc3957a50727ac18c8b590af9d9c", "http://pathwaycommons.org/pc12/Catalysis_b9a2feb863468b45f28a901a26abae65", "http://pathwaycommons.org/pc12/Catalysis_67e7c13866160c52227757b27192b0e6", "http://pathwaycommons.org/pc12/Catalysis_7fa17de674ca3b4373cd8d1c44ea1b62", "PMID:18578522", "http://pathwaycommons.org/pc12/Catalysis_23a4c5b0fe4a0ac22dfc82dc6f1fe180", "http://pathwaycommons.org/pc12/BiochemicalReaction_22f972277dae5f80fb689cf8981e7a69", "http://pathwaycommons.org/pc12/Catalysis_2aa909d7effcba020b84e073775d173b", "http://pathwaycommons.org/pc12/BiochemicalReaction_964d70fec2d6589209b956108c219a71", "http://pathwaycommons.org/pc12/Catalysis_799d3d14c9b8b246dc6c6f4ee39decb7", "http://pathwaycommons.org/pc12/BiochemicalReaction_dbc5d846f52ffede9513dda161d0fc4d", "http://pathwaycommons.org/pc12/Catalysis_e4bd985b89d4324424b06a4cd63d1da6", "http://pathwaycommons.org/pc12/BiochemicalReaction_802b4269f8106c8e6e7f7d1a09973b69", "http://pathwaycommons.org/pc12/BiochemicalReaction_038f3145f6a93141af694fb89b49371d", "http://pathwaycommons.org/pc12/BiochemicalReaction_5b924057d1e708f08b129481b76b8177", "http://pathwaycommons.org/pc12/Catalysis_76025cd575c25702b3091747842354c8", "http://pathwaycommons.org/pc12/BiochemicalReaction_0167d1bba3426b38b3cf333c1df8546e", "http://pathwaycommons.org/pc12/Catalysis_5d0108549a5a1b800e6ec845d00fef8d", "http://pathwaycommons.org/pc12/Catalysis_393de54fd6505e1ddeb9295ef3040de3", "http://pathwaycommons.org/pc12/Catalysis_9b704b9c3a35eb517643d46e373439e9", "http://pathwaycommons.org/pc12/BiochemicalReaction_03be9ae4b5bbae66c4865dd59c46101c", "http://pathwaycommons.org/pc12/Catalysis_a16a74c28b6564b0cbef8ba982b17290", "http://pathwaycommons.org/pc12/BiochemicalReaction_84b09a0af34c1371659fd5c7ac028b21", "http://pathwaycommons.org/pc12/BiochemicalReaction_a1f7d7eb947eb0ca21d6a9065a4cb1d7", "http://pathwaycommons.org/pc12/BiochemicalReaction_1936020e922ac73cb215191cf7a9dec2", "http://pathwaycommons.org/pc12/Catalysis_595b2aea4fb636a2c246d0c0501f2ae4", "http://pathwaycommons.org/pc12/Catalysis_561564b9a3ee3adec8a2626d86c03d24", "http://pathwaycommons.org/pc12/BiochemicalReaction_711fbb7b00eb915058a0a2588e5e1b27", "http://pathwaycommons.org/pc12/Catalysis_e82f13cc1d59d6dc30d894885696a22d", "http://pathwaycommons.org/pc12/Catalysis_8947745cac9e8371d560b48dbc8280b3", "http://pathwaycommons.org/pc12/BiochemicalReaction_ad9e763f22ced53b3bc357fc0a7eb3e3", "http://pathwaycommons.org/pc12/BiochemicalReaction_f0690fbab45176d21f42eddb8ab600ad", "PMID:16153436", "PMID:11971971", "http://pathwaycommons.org/pc12/Catalysis_c693d604ccc84ec1915ec8f29905a0d3", "http://pathwaycommons.org/pc12/Catalysis_42ccfc0c559304d439e0b0b3cc6cae94", "http://pathwaycommons.org/pc12/BiochemicalReaction_dccd0959ce2fd94928bf47a2139ec73c", "http://pathwaycommons.org/pc12/Catalysis_a9f3319caa836671fc5b7c61316b7e02", "http://pathwaycommons.org/pc12/Catalysis_82df19ad9772080a945a8225a26b3466", "http://pathwaycommons.org/pc12/BiochemicalReaction_01fc2be12c8f8e0ad6bae5ed94d10882", "http://pathwaycommons.org/pc12/Catalysis_af870d519fd9c80def8d05618f3d90e7", "http://pathwaycommons.org/pc12/Catalysis_60b2d96e628b0a98c973204278a6534e", "http://pathwaycommons.org/pc12/BiochemicalReaction_7bf5e27ff38ef5e5eb5a6866acee5ac5", "http://pathwaycommons.org/pc12/Catalysis_6810543c1a4e8070bbf68b7e55d7cef5", "http://pathwaycommons.org/pc12/BiochemicalReaction_c046a0e3ad78ed9eb1f4ea5852d991ac", "http://pathwaycommons.org/pc12/Catalysis_f06fe042fe3f3cf74b4e2d6af3feea1f", "http://pathwaycommons.org/pc12/Catalysis_977326103e30afe0d6cfae8f2a3b8e4a", "PMID:18452278", "http://pathwaycommons.org/pc12/Catalysis_8757fee88866d80566bdbbfac458205e", "http://identifiers.org/reactome/R-HSA-5672973", "http://pathwaycommons.org/pc12/BiochemicalReaction_165730ab6091393ded48e8881a3a7092", "http://pathwaycommons.org/pc12/BiochemicalReaction_62c37da5c2e30764c8fb276a407e1e4a", "http://pathwaycommons.org/pc12/Catalysis_fc302c015229bba275a36dc5c206045e", "http://pathwaycommons.org/pc12/BiochemicalReaction_f00218fa8e5b7be831c0621c5ee32243", "http://pathwaycommons.org/pc12/BiochemicalReaction_9a7ef505ca3cbd04b8253f552a088b46", "http://pathwaycommons.org/pc12/BiochemicalReaction_5f71f9b5a236028df4e2dbea4482d608", "http://pathwaycommons.org/pc12/BiochemicalReaction_54d7af6b326417780d8bcd1ccf0f61f8", "http://pathwaycommons.org/pc12/Catalysis_c7ba1d05bf40b46d09f1cb8a193e735f", "http://pathwaycommons.org/pc12/BiochemicalReaction_db546b338218c38ffbfff428ec233be9", "http://pathwaycommons.org/pc12/BiochemicalReaction_38832e19d16e3112febc1b0bef82b76b", "http://pathwaycommons.org/pc12/Catalysis_497ddd36874618d94ca00d9deb47c5de", "http://pathwaycommons.org/pc12/Catalysis_b137ec0aa59e6005bbfb7ca035ff3755", "http://pathwaycommons.org/pc12/BiochemicalReaction_d2659cc19bfbc1075e1296b3e6aa0d98", "PMID:17389395", "http://pathwaycommons.org/pc12/Catalysis_621b98ded2c5e1577f61ec0e948de5c5", "http://pathwaycommons.org/pc12/BiochemicalReaction_b1c4d9e4dc485654e4fd290a875458bb", "http://pathwaycommons.org/pc12/BiochemicalReaction_b576aa2d7aaf4343903b585045acf1da", "http://pathwaycommons.org/pc12/BiochemicalReaction_cda61f10efaf789c2e7251f3cd90b1cc", "http://pathwaycommons.org/pc12/Catalysis_e48e169f330fb375574e3d70231f02e4", "http://pathwaycommons.org/pc12/BiochemicalReaction_8e6df794960d92707849584e9473b9d3", "PMID:21336309", "http://pathwaycommons.org/pc12/Catalysis_815ae02503d7c50d0883c49ebd1d0422", "http://identifiers.org/reactome/R-HSA-5674373", "http://pathwaycommons.org/pc12/BiochemicalReaction_6ca439ef582933d62d4f4c3106147fea", "http://pathwaycommons.org/pc12/Catalysis_5e557dc3ccfb3c0f524b4a09e548f7fd", "http://pathwaycommons.org/pc12/Catalysis_990d0a95a8faa4a99df5ed0e0d9e76d1", "http://pathwaycommons.org/pc12/Catalysis_640191fec74f4df113905d56dd63b433", "PMID:18691976", "http://pathwaycommons.org/pc12/BiochemicalReaction_4e9bbb2f79c410f467acd1dce3d4c048", "http://pathwaycommons.org/pc12/Catalysis_b02508a42024fb7f42a95f0d537eefbe", "http://pathwaycommons.org/pc12/Catalysis_2880563823086462b259710489a4bfee", "http://pathwaycommons.org/pc12/Catalysis_dd7d540a2e13d01cc525dc49b63dbeb6", "http://pathwaycommons.org/pc12/Catalysis_ddb6b5a4066c103b456eef51dbd6aeee", "http://identifiers.org/reactome/R-HSA-6802935", "http://pathwaycommons.org/pc12/BiochemicalReaction_82e1ffc03836d22637373e8883b02376", "http://pathwaycommons.org/pc12/Catalysis_bc5f0d0138b90a1a22d002ce5908b5d3", "http://pathwaycommons.org/pc12/BiochemicalReaction_d8db945d9bb0293e9c04663a892b16b8", "http://pathwaycommons.org/pc12/BiochemicalReaction_56fec07ef3a3955c7c2f4a80a1654999", "PMID:19651622", "PMID:19901323", "PMID:19415658", "PMID:21768338", "http://pathwaycommons.org/pc12/BiochemicalReaction_c06a68f05a7a9792207fc16fbc72369b", "http://pathwaycommons.org/pc12/Catalysis_1a783015af4e06a8ed82ef71b6947044", "http://pathwaycommons.org/pc12/BiochemicalReaction_4e449f7211c80024e33e0672cf62b687", "http://pathwaycommons.org/pc12/Catalysis_8e224e7b272a0697f6176275776be680", "http://pathwaycommons.org/pc12/Catalysis_f87442db76ad437080d19183321c1661" ],
      "target" : "MAPK1"
    }
  }, {
    "data" : {
      "tooltipText" : "MAPK1-T185-Y187",
      "edgeType" : "dephosphorylates",
      "source" : "PPP2CA",
      "pcLinks" : [ "http://pathwaycommons.org/pc12/Catalysis_502178bf9e37107c72951a36d9c4793d", "http://identifiers.org/reactome/R-HSA-199959" ],
      "target" : "MAPK1"
    }
  }, {
    "data" : {
      "tooltipText" : "MAPK3-Y222-Y204-Y203-T202-T201-S283-T80",
      "edgeType" : "phosphorylates",
      "source" : "MAP2K2",
      "pcLinks" : [ "http://pathwaycommons.org/pc12/Catalysis_2ccce728634aeeb71d39c10690b6d7eb", "", "http://pathwaycommons.org/pc12/Catalysis_5c7fd0e26e15a2b41742c2717fd590f8", "http://pathwaycommons.org/pc12/Catalysis_a0bde610852131088b7e2ad00314f069", "http://pathwaycommons.org/pc12/Catalysis_4a9505a1a831cb2e8a0df0112900cf5c", "http://pathwaycommons.org/pc12/BiochemicalReaction_051721f4e784387f18422c4bece97a38", "http://pathwaycommons.org/pc12/BiochemicalReaction_5f84301b5d246484161d0084e089441d", "http://identifiers.org/reactome/R-HSA-6802921", "http://identifiers.org/reactome/R-HSA-6802922", "http://pathwaycommons.org/pc12/BiochemicalReaction_5c596683a304e8d1559a9e5ed7ff2d5e", "http://pathwaycommons.org/pc12/BiochemicalReaction_5889307d26e9864761527a5f8bda7864", "http://pathwaycommons.org/pc12/Catalysis_0a09bae1e77c2900877cf01a0a00bfbc", "http://pathwaycommons.org/pc12/BiochemicalReaction_773ba31a6f562b99c02adfbfcd8cade4", "http://identifiers.org/reactome/R-HSA-6802918", "http://pathwaycommons.org/pc12/Catalysis_bd99d47c8dd765cea7b3ef6d46fd2676", "http://pathwaycommons.org/pc12/BiochemicalReaction_99c147e6c587c47ae4b6448bd56a26a6", "http://pathwaycommons.org/pc12/Catalysis_cab1e51d9066f0ff03d1daa06fcc3e25", "PMID:18669648", "http://pathwaycommons.org/pc12/Catalysis_3374ae3b7da928d5a048c31fa419012f", "http://pathwaycommons.org/pc12/Catalysis_abbc3bcec4933e183247077a5ada276c", "http://pathwaycommons.org/pc12/Catalysis_b998a5d87f0a8cd36065ad43757e4edb", "http://pathwaycommons.org/pc12/Catalysis_0d1ddcaaa6ff062bbbb0a5586844ac5f", "http://identifiers.org/reactome/R-HSA-6802910", "PMID:18707149", "http://pathwaycommons.org/pc12/BiochemicalReaction_3ff0cb5a79c80b4b4ae1d6f053b2c8b4", "http://pathwaycommons.org/pc12/Catalysis_f9ecd1d434e2068720d1843e640e79da", "http://pathwaycommons.org/pc12/Catalysis_e4e4b078f08c95d61c3e5b9f0d9b44b6", "http://pathwaycommons.org/pc12/BiochemicalReaction_3c17c0ab62b13ab1267bc4f922e89f04", "http://pathwaycommons.org/pc12/BiochemicalReaction_cdb0b9fdc8db1444c6dd877eee421954", "http://pathwaycommons.org/pc12/BiochemicalReaction_6fcd5c7f840fc7b55269d27e0b37109e", "http://pathwaycommons.org/pc12/BiochemicalReaction_565cb53cd71b831e9d99004fff6c50db", "http://pathwaycommons.org/pc12/Catalysis_7f91b9296a00dc80de0fcd20316737be", "PMID:16497976", "http://pathwaycommons.org/pc12/Catalysis_54b19f13dd15bc8b5889397176f3ab95", "http://pathwaycommons.org/pc12/Catalysis_b1d8d88af20439b1f1ba44a65c3d945e", "http://pathwaycommons.org/pc12/BiochemicalReaction_4f689747397d98089c551022a3ae2d88", "http://pathwaycommons.org/pc12/Catalysis_41244f3046d115725622c51de93d0574", "http://pathwaycommons.org/pc12/BiochemicalReaction_c786a9fb201028c293837695bb7c6875", "PMID:20068231", "http://pathwaycommons.org/pc12/BiochemicalReaction_c52efc3957a50727ac18c8b590af9d9c", "http://pathwaycommons.org/pc12/Catalysis_b9a2feb863468b45f28a901a26abae65", "http://pathwaycommons.org/pc12/Catalysis_67e7c13866160c52227757b27192b0e6", "http://pathwaycommons.org/pc12/Catalysis_7fa17de674ca3b4373cd8d1c44ea1b62", "http://pathwaycommons.org/pc12/Catalysis_23a4c5b0fe4a0ac22dfc82dc6f1fe180", "PMID:7687743", "http://pathwaycommons.org/pc12/BiochemicalReaction_22f972277dae5f80fb689cf8981e7a69", "http://pathwaycommons.org/pc12/Catalysis_2aa909d7effcba020b84e073775d173b", "PMID:8626767", "http://pathwaycommons.org/pc12/Catalysis_799d3d14c9b8b246dc6c6f4ee39decb7", "http://pathwaycommons.org/pc12/BiochemicalReaction_dbc5d846f52ffede9513dda161d0fc4d", "http://pathwaycommons.org/pc12/BiochemicalReaction_802b4269f8106c8e6e7f7d1a09973b69", "http://pathwaycommons.org/pc12/BiochemicalReaction_038f3145f6a93141af694fb89b49371d", "http://pathwaycommons.org/pc12/BiochemicalReaction_5b924057d1e708f08b129481b76b8177", "http://pathwaycommons.org/pc12/Catalysis_76025cd575c25702b3091747842354c8", "http://pathwaycommons.org/pc12/Catalysis_5d0108549a5a1b800e6ec845d00fef8d", "http://pathwaycommons.org/pc12/Catalysis_393de54fd6505e1ddeb9295ef3040de3", "http://pathwaycommons.org/pc12/Catalysis_8af8d9db5a21997541ac20195c559508", "PMID:1411546", "http://pathwaycommons.org/pc12/Catalysis_9b704b9c3a35eb517643d46e373439e9", "http://pathwaycommons.org/pc12/BiochemicalReaction_03be9ae4b5bbae66c4865dd59c46101c", "http://pathwaycommons.org/pc12/Catalysis_a16a74c28b6564b0cbef8ba982b17290", "http://pathwaycommons.org/pc12/BiochemicalReaction_a1f7d7eb947eb0ca21d6a9065a4cb1d7", "http://pathwaycommons.org/pc12/Catalysis_561564b9a3ee3adec8a2626d86c03d24", "http://pathwaycommons.org/pc12/BiochemicalReaction_711fbb7b00eb915058a0a2588e5e1b27", "http://pathwaycommons.org/pc12/Catalysis_e82f13cc1d59d6dc30d894885696a22d", "http://pathwaycommons.org/pc12/BiochemicalReaction_fd1a3b6ce6a1b775803c7556d13b8aa8", "http://pathwaycommons.org/pc12/Catalysis_42ccfc0c559304d439e0b0b3cc6cae94", "http://pathwaycommons.org/pc12/BiochemicalReaction_dccd0959ce2fd94928bf47a2139ec73c", "http://pathwaycommons.org/pc12/Catalysis_a9f3319caa836671fc5b7c61316b7e02", "http://pathwaycommons.org/pc12/Catalysis_82df19ad9772080a945a8225a26b3466", "http://pathwaycommons.org/pc12/BiochemicalReaction_01fc2be12c8f8e0ad6bae5ed94d10882", "http://pathwaycommons.org/pc12/Catalysis_af870d519fd9c80def8d05618f3d90e7", "http://pathwaycommons.org/pc12/BiochemicalReaction_fdfd2e34545bf9813d12f3dad62fde85", "http://pathwaycommons.org/pc12/Catalysis_60b2d96e628b0a98c973204278a6534e", "http://pathwaycommons.org/pc12/BiochemicalReaction_7bf5e27ff38ef5e5eb5a6866acee5ac5", "http://pathwaycommons.org/pc12/Catalysis_6810543c1a4e8070bbf68b7e55d7cef5", "http://pathwaycommons.org/pc12/BiochemicalReaction_c046a0e3ad78ed9eb1f4ea5852d991ac", "http://pathwaycommons.org/pc12/Catalysis_f06fe042fe3f3cf74b4e2d6af3feea1f", "PMID:16585161", "http://pathwaycommons.org/pc12/Catalysis_977326103e30afe0d6cfae8f2a3b8e4a", "http://identifiers.org/reactome/R-HSA-5672973", "http://pathwaycommons.org/pc12/BiochemicalReaction_165730ab6091393ded48e8881a3a7092", "http://pathwaycommons.org/pc12/BiochemicalReaction_62c37da5c2e30764c8fb276a407e1e4a", "http://pathwaycommons.org/pc12/Catalysis_fc302c015229bba275a36dc5c206045e", "http://pathwaycommons.org/pc12/BiochemicalReaction_f00218fa8e5b7be831c0621c5ee32243", "http://pathwaycommons.org/pc12/BiochemicalReaction_9a7ef505ca3cbd04b8253f552a088b46", "http://pathwaycommons.org/pc12/BiochemicalReaction_5f71f9b5a236028df4e2dbea4482d608", "http://pathwaycommons.org/pc12/BiochemicalReaction_5271ab5d568f463bffa8bb378e8aa257", "http://pathwaycommons.org/pc12/Catalysis_c7ba1d05bf40b46d09f1cb8a193e735f", "http://pathwaycommons.org/pc12/BiochemicalReaction_54d7af6b326417780d8bcd1ccf0f61f8", "http://pathwaycommons.org/pc12/BiochemicalReaction_db546b338218c38ffbfff428ec233be9", "http://pathwaycommons.org/pc12/Catalysis_c1f5f88164f6a121b52ee2a46810fe4f", "http://pathwaycommons.org/pc12/Catalysis_b137ec0aa59e6005bbfb7ca035ff3755", "http://pathwaycommons.org/pc12/BiochemicalReaction_d2659cc19bfbc1075e1296b3e6aa0d98", "PMID:8226933", "PMID:17389395", "http://pathwaycommons.org/pc12/Catalysis_7faeeab51c7e08c0163e51dd33aef973", "http://pathwaycommons.org/pc12/BiochemicalReaction_b576aa2d7aaf4343903b585045acf1da", "http://pathwaycommons.org/pc12/BiochemicalReaction_cda61f10efaf789c2e7251f3cd90b1cc", "http://pathwaycommons.org/pc12/Catalysis_e48e169f330fb375574e3d70231f02e4", "http://pathwaycommons.org/pc12/BiochemicalReaction_8e6df794960d92707849584e9473b9d3", "PMID:15939799", "http://identifiers.org/reactome/R-HSA-5674373", "http://pathwaycommons.org/pc12/BiochemicalReaction_6ca439ef582933d62d4f4c3106147fea", "http://pathwaycommons.org/pc12/Catalysis_5e557dc3ccfb3c0f524b4a09e548f7fd", "http://pathwaycommons.org/pc12/Catalysis_990d0a95a8faa4a99df5ed0e0d9e76d1", "PMID:18691976", "http://pathwaycommons.org/pc12/BiochemicalReaction_4e9bbb2f79c410f467acd1dce3d4c048", "http://pathwaycommons.org/pc12/Catalysis_b02508a42024fb7f42a95f0d537eefbe", "http://pathwaycommons.org/pc12/Catalysis_2880563823086462b259710489a4bfee", "http://pathwaycommons.org/pc12/Catalysis_dd7d540a2e13d01cc525dc49b63dbeb6", "http://pathwaycommons.org/pc12/Catalysis_ddb6b5a4066c103b456eef51dbd6aeee", "http://identifiers.org/reactome/R-HSA-6802935", "http://pathwaycommons.org/pc12/BiochemicalReaction_82e1ffc03836d22637373e8883b02376", "http://pathwaycommons.org/pc12/Catalysis_bc5f0d0138b90a1a22d002ce5908b5d3", "http://pathwaycommons.org/pc12/BiochemicalReaction_d8db945d9bb0293e9c04663a892b16b8", "PMID:15580310", "http://pathwaycommons.org/pc12/BiochemicalReaction_56fec07ef3a3955c7c2f4a80a1654999", "PMID:19651622", "http://pathwaycommons.org/pc12/Catalysis_6dcaacd0ebb9a99cffa1a93390bdc4a5", "PMID:19901323", "http://pathwaycommons.org/pc12/BiochemicalReaction_c06a68f05a7a9792207fc16fbc72369b", "http://pathwaycommons.org/pc12/BiochemicalReaction_4e449f7211c80024e33e0672cf62b687", "http://pathwaycommons.org/pc12/Catalysis_8e224e7b272a0697f6176275776be680" ],
      "target" : "MAPK3"
    }
  }, {
    "data" : {
      "tooltipText" : "MAPK3-Y204-T202",
      "edgeType" : "dephosphorylates",
      "source" : "PPP2CA",
      "pcLinks" : [ "http://pathwaycommons.org/pc12/Catalysis_502178bf9e37107c72951a36d9c4793d", "http://identifiers.org/reactome/R-HSA-199959" ],
      "target" : "MAPK3"
    }
  }, {
    "data" : {
      "tooltipText" : "MYC-T58-S71-S62-S293",
      "edgeType" : "phosphorylates",
      "source" : "MAPK1",
      "pcLinks" : [ "http://pathwaycommons.org/pc12/Catalysis_df02c4649d459fd6658bec99c8b4ba3a", "http://pathwaycommons.org/pc12/Catalysis_9defb8b42ac4caf335d2399b9ec96e68", "PMID:1651323", "PMID:10551811", "http://pathwaycommons.org/pc12/BiochemicalReaction_2b9b4b5e963b0fb15809c41098848c22", "http://pathwaycommons.org/pc12/BiochemicalReaction_847cade987efecd4c2ddc8d0e3d9bef9" ],
      "target" : "MYC"
    }
  }, {
    "data" : {
      "tooltipText" : "MYC-S62",
      "edgeType" : "dephosphorylates",
      "source" : "PPP2CA",
      "pcLinks" : [ "http://pathwaycommons.org/pc12/BiochemicalReaction_cd76c457cb5eed5f32bb29acb4bac48d", "http://pathwaycommons.org/pc12/Catalysis_91126d05139f6b3ecd92877ab807a072" ],
      "target" : "MYC"
    }
  } ]
}