{
  "nodes" : [ {
    "css" : { },
    "data" : {
      "sites" : [ {
        "siteBackgroundColor" : "rgb(255,212,203)",
        "siteText" : "p",
        "siteInfo" : "IRS1_Y612 2.433130850611961",
        "siteBorderColor" : "rgb(0,180,20)"
      } ],
      "id" : "IRS1",
      "text" : "IRS1"
    }
  }, {
    "css" : { },
    "data" : {
      "sites" : [ {
        "siteBackgroundColor" : "rgb(255,205,193)",
        "siteText" : "p",
        "siteInfo" : "INSR_Y1189 2.8614098697115797",
        "siteBorderColor" : "rgb(0,180,20)"
      } ],
      "id" : "INSR",
      "text" : "INSR"
    }
  }, {
    "css" : { },
    "data" : {
      "sites" : [ {
        "siteBackgroundColor" : "rgb(203,212,255)",
        "siteText" : "p",
        "siteInfo" : "GSK3A_S21 -2.433130850611961",
        "siteBorderColor" : "rgb(180,0,20)"
      } ],
      "id" : "GSK3A",
      "text" : "GSK3A"
    }
  }, {
    "css" : { },
    "data" : {
      "sites" : [ {
        "siteBackgroundColor" : "rgb(196,207,255)",
        "siteText" : "p",
        "siteInfo" : "AKT1_S473 -2.741585451615723",
        "siteBorderColor" : "rgb(0,180,20)"
      }, {
        "siteBackgroundColor" : "rgb(192,204,255)",
        "siteText" : "p",
        "siteInfo" : "AKT1_T308 -2.917487568804092",
        "siteBorderColor" : "rgb(0,180,20)"
      } ],
      "id" : "AKT1",
      "text" : "AKT1"
    }
  }, {
    "css" : { },
    "data" : {
      "sites" : [ {
        "siteBackgroundColor" : "rgb(172,187,255)",
        "siteText" : "p",
        "siteInfo" : "AKT2_S474 -3.8652902627288417",
        "siteBorderColor" : "rgb(0,180,20)"
      } ],
      "id" : "AKT2",
      "text" : "AKT2"
    }
  }, {
    "css" : { },
    "data" : {
      "sites" : [ {
        "siteBackgroundColor" : "rgb(180,194,255)",
        "siteText" : "p",
        "siteInfo" : "RICTOR_T1135 -3.504925694586547",
        "siteBorderColor" : "rgb(180,0,20)"
      } ],
      "id" : "RICTOR",
      "text" : "RICTOR"
    }
  }, {
    "css" : { },
    "data" : {
      "sites" : [ {
        "siteBackgroundColor" : "rgb(184,197,255)",
        "siteText" : "p",
        "siteInfo" : "FOXO3_T32 -3.323904292293699",
        "siteBorderColor" : "rgb(180,0,20)"
      } ],
      "id" : "FOXO3",
      "text" : "FOXO3"
    }
  }, {
    "css" : { },
    "data" : {
      "sites" : [ {
        "siteBackgroundColor" : "rgb(177,192,255)",
        "siteText" : "p",
        "siteInfo" : "AKT1S1_T246 -3.6240927535015013",
        "siteBorderColor" : "rgb(180,0,20)"
      } ],
      "id" : "AKT1S1",
      "text" : "AKT1S1"
    }
  }, {
    "css" : { },
    "data" : {
      "sites" : [ {
        "siteBackgroundColor" : "rgb(172,187,255)",
        "siteText" : "p",
        "siteInfo" : "EIF4EBP1_S65 -3.8652902627288417",
        "siteBorderColor" : "rgb(180,0,20)"
      }, {
        "siteBackgroundColor" : "rgb(180,194,255)",
        "siteText" : "p",
        "siteInfo" : "EIF4EBP1_T37_T46 -3.504925694586547",
        "siteBorderColor" : "rgb(180,0,20)"
      } ],
      "id" : "EIF4EBP1",
      "text" : "EIF4EBP1"
    }
  }, {
    "css" : { },
    "data" : {
      "sites" : [ {
        "siteBackgroundColor" : "rgb(191,203,255)",
        "siteText" : "p",
        "siteInfo" : "ULK1_S758 -2.987544541026162",
        "siteBorderColor" : "rgb(180,0,20)"
      } ],
      "id" : "ULK1",
      "text" : "ULK1"
    }
  }, {
    "css" : {
      "borderColor" : "rgb(180,0,20)"
    },
    "data" : {
      "sites" : [ {
        "siteBackgroundColor" : "rgb(177,192,255)",
        "siteText" : "p",
        "siteInfo" : "MTOR_S2481 -3.6240927535015013",
        "siteBorderColor" : "rgb(0,180,20)"
      }, {
        "siteBackgroundColor" : "rgb(234,238,255)",
        "siteText" : "i",
        "siteInfo" : "MTOR-inactive-by-network-sig -1.0",
        "siteBorderColor" : "rgb(0,180,20)"
      } ],
      "id" : "MTOR",
      "text" : "MTOR"
    }
  }, {
    "css" : { },
    "data" : {
      "sites" : [ {
        "siteBackgroundColor" : "rgb(186,199,255)",
        "siteText" : "p",
        "siteInfo" : "MYC_S62 -3.219458672747881",
        "siteBorderColor" : "rgb(0,180,20)"
      } ],
      "id" : "MYC",
      "text" : "MYC"
    }
  }, {
    "css" : { },
    "data" : {
      "sites" : [ {
        "siteBackgroundColor" : "rgb(234,238,255)",
        "siteText" : "i",
        "siteInfo" : "PIK3CA-inactive -1.0",
        "siteBorderColor" : "rgb(0,180,20)"
      } ],
      "id" : "PIK3CA",
      "text" : "PIK3CA"
    }
  }, {
    "css" : { },
    "data" : {
      "sites" : [ {
        "siteBackgroundColor" : "rgb(197,208,255)",
        "siteText" : "p",
        "siteInfo" : "HIF1A_S643 -2.709177715954063",
        "siteBorderColor" : "rgb(0,180,20)"
      } ],
      "id" : "HIF1A",
      "text" : "HIF1A"
    }
  }, {
    "css" : { },
    "data" : {
      "sites" : [ {
        "siteBackgroundColor" : "rgb(172,187,255)",
        "siteText" : "p",
        "siteInfo" : "PIK3R1_Y679 -3.8652902627288417",
        "siteBorderColor" : "rgb(50,50,50)"
      }, {
        "siteBackgroundColor" : "rgb(197,208,255)",
        "siteText" : "p",
        "siteInfo" : "PIK3R1_Y580 -2.709177715954063",
        "siteBorderColor" : "rgb(50,50,50)"
      } ],
      "id" : "PIK3R1",
      "text" : "PIK3R1"
    }
  }, {
    "css" : { },
    "data" : {
      "sites" : [ {
        "siteBackgroundColor" : "rgb(203,212,255)",
        "siteText" : "p",
        "siteInfo" : "CDK1_Y15 -2.433130850611961",
        "siteBorderColor" : "rgb(180,0,20)"
      } ],
      "id" : "CDK1",
      "text" : "CDK1"
    }
  }, {
    "css" : { },
    "data" : {
      "sites" : [ {
        "siteBackgroundColor" : "rgb(197,208,255)",
        "siteText" : "p",
        "siteInfo" : "MCL1_S64 -2.709177715954063",
        "siteBorderColor" : "rgb(50,50,50)"
      } ],
      "id" : "MCL1",
      "text" : "MCL1"
    }
  }, {
    "css" : { },
    "data" : {
      "sites" : [ {
        "siteBackgroundColor" : "rgb(203,212,255)",
        "siteText" : "p",
        "siteInfo" : "RB1_S807 -2.433130850611961",
        "siteBorderColor" : "rgb(180,0,20)"
      } ],
      "id" : "RB1",
      "text" : "RB1"
    }
  }, {
    "css" : { },
    "data" : {
      "sites" : [ {
        "siteBackgroundColor" : "rgb(203,212,255)",
        "siteText" : "p",
        "siteInfo" : "CDC20_S41 -2.433130850611961",
        "siteBorderColor" : "rgb(50,50,50)"
      } ],
      "id" : "CDC20",
      "text" : "CDC20"
    }
  }, {
    "css" : { },
    "data" : {
      "sites" : [ {
        "siteBackgroundColor" : "rgb(177,192,255)",
        "siteText" : "p",
        "siteInfo" : "RPS6_S236 -3.6240927535015013",
        "siteBorderColor" : "rgb(0,180,20)"
      } ],
      "id" : "RPS6",
      "text" : "RPS6"
    }
  }, {
    "css" : { },
    "data" : {
      "sites" : [ {
        "siteBackgroundColor" : "rgb(196,207,255)",
        "siteText" : "p",
        "siteInfo" : "BRAF_T401 -2.741585451615723",
        "siteBorderColor" : "rgb(180,0,20)"
      } ],
      "id" : "BRAF",
      "text" : "BRAF"
    }
  }, {
    "css" : { },
    "data" : {
      "sites" : [ {
        "siteBackgroundColor" : "rgb(255,194,180)",
        "siteText" : "p",
        "siteInfo" : "BCL2_S70 3.504925694586547",
        "siteBorderColor" : "rgb(180,0,20)"
      } ],
      "id" : "BCL2",
      "text" : "BCL2"
    }
  } ],
  "edges" : [ {
    "data" : {
      "tooltipText" : "IRS1-S24-Y941-Y896-Y632-Y1179-Y612-Y989-Y1229",
      "edgeType" : "phosphorylates",
      "source" : "INSR",
      "pcLinks" : [ "http://pathwaycommons.org/pc12/Catalysis_80d8bc7cde2239e68520a583c79e0033", "PMID:15849359", "http://pathwaycommons.org/pc12/Catalysis_35da82242b43624226bea2ae24d7b21e", "http://pathwaycommons.org/pc12/Catalysis_afce401ed0314d89c6e0e5128250c759", "http://pathwaycommons.org/pc12/BiochemicalReaction_9c7703dcc956e4c6c1dc2d3678a28efc", "http://pathwaycommons.org/pc12/Catalysis_26792b2a9280e5f0da74f7d3ffeebaee", "http://pathwaycommons.org/pc12/Catalysis_417c82cf2df198b14966bb093256e550", "PMID:15226403", "http://pathwaycommons.org/pc12/BiochemicalReaction_32f7d5b7f4781c936079521b81d76bcc", "http://pathwaycommons.org/pc12/BiochemicalReaction_ec4459c4f3f90be771e688e1173dd32b", "PMID:8530377", "http://identifiers.org/reactome/R-HSA-74711", "http://pathwaycommons.org/pc12/BiochemicalReaction_b6b89786f9e6667d14b44f7f3d6088d0", "PMID:20685959", "PMID:12220227" ],
      "target" : "IRS1"
    }
  }, {
    "data" : {
      "tooltipText" : "GSK3A-S21",
      "edgeType" : "phosphorylates",
      "source" : "AKT1",
      "pcLinks" : [ "PMID:11884598", "PMID:11563975", "PMID:11340086", "PMID:18691976", "http://pathwaycommons.org/pc12/BiochemicalReaction_db744ef6b85008133d5a4c8b6c928c73", "http://pathwaycommons.org/pc12/Catalysis_29f8dfd20d4bf1cf37934164c528ade4", "PMID:11577096", "http://identifiers.org/reactome/R-HSA-198371", "PMID:11749387", "http://pathwaycommons.org/pc12/Catalysis_3c2eab2319beb42c086b1c7a1ee27b92", "http://pathwaycommons.org/pc12/BiochemicalReaction_a12245c679c053544cd3d4445449bb5c", "PMID:11035810", "http://pathwaycommons.org/pc12/Catalysis_ee6a047752022a88bae31504f7ddf9c0", "http://pathwaycommons.org/pc12/Catalysis_52418fb25104907108a7bcd78b04f5e0", "PMID:12054501", "http://pathwaycommons.org/pc12/Catalysis_1ef0fb463460460a99989e7d1570d753", "http://pathwaycommons.org/pc12/BiochemicalReaction_6922ba354dd2a3942a7ffb9d90f5a3f3", "http://pathwaycommons.org/pc12/Catalysis_0d3a46a3b310093d7b5da37a1eeaa567", "http://identifiers.org/reactome/R-HSA-2399966", "PMID:19413330", "http://pathwaycommons.org/pc12/BiochemicalReaction_5218c73232bde22841a9fcccd2f2a000" ],
      "target" : "GSK3A"
    }
  }, {
    "data" : {
      "tooltipText" : "GSK3A-S21",
      "edgeType" : "phosphorylates",
      "source" : "AKT2",
      "pcLinks" : [ "http://pathwaycommons.org/pc12/Catalysis_52418fb25104907108a7bcd78b04f5e0", "http://pathwaycommons.org/pc12/BiochemicalReaction_3a7e420ac40bed43cb26414f7e2b81ff", "http://pathwaycommons.org/pc12/Catalysis_3d4b2c359c39c167b551a35bec271e06", "http://identifiers.org/reactome/R-HSA-198371" ],
      "target" : "GSK3A"
    }
  }, {
    "data" : {
      "tooltipText" : "RICTOR-T1135",
      "edgeType" : "phosphorylates",
      "source" : "AKT1",
      "pcLinks" : [ "PMID:20832730" ],
      "target" : "RICTOR"
    }
  }, {
    "data" : {
      "tooltipText" : "FOXO3-S315-T32-S253",
      "edgeType" : "phosphorylates",
      "source" : "AKT1",
      "pcLinks" : [ "http://pathwaycommons.org/pc12/BiochemicalReaction_7ecc50450169a6983b7d94989d238d05", "PMID:20068231", "http://pathwaycommons.org/pc12/BiochemicalReaction_c0e61e76eef0765c278c3fc1880d6f77", "PMID:10102273", "http://identifiers.org/reactome/R-HSA-199299", "http://pathwaycommons.org/pc12/Catalysis_cde1f5fa02947e25c02aa0abcab2635b", "http://pathwaycommons.org/pc12/Catalysis_55306b8ff78c9a7205748feb4ba4e940", "http://pathwaycommons.org/pc12/Catalysis_f2f1c8cd78e2bedfbbb503bc0b5bd707", "PMID:10910908", "PMID:10995739", "http://pathwaycommons.org/pc12/Catalysis_6182e223e7931b5cbb98716f16bce500", "http://pathwaycommons.org/pc12/BiochemicalReaction_1ce56de570fd242aea7284e85d58096b", "http://pathwaycommons.org/pc12/BiochemicalReaction_66e5371ce2f92f00117db8d5f42f9987", "http://pathwaycommons.org/pc12/BiochemicalReaction_1128841e65aaf5631bbffba1663ddd05", "http://identifiers.org/reactome/R-HSA-2399992", "http://pathwaycommons.org/pc12/Catalysis_0a07dbc1e277eecd6cf8fb122b6bd0f6", "http://pathwaycommons.org/pc12/BiochemicalReaction_093e6e4ac8efc0af1b10f66feec88da4", "http://pathwaycommons.org/pc12/Catalysis_c2735c64b94d1d35780cec48bf88b650", "http://pathwaycommons.org/pc12/BiochemicalReaction_6c63e4e512649f1ff23863a701f0566c", "http://pathwaycommons.org/pc12/Catalysis_9dbf65bd2ee11413df0a8ba8943fa1c7", "http://identifiers.org/reactome/R-HSA-9624526", "http://pathwaycommons.org/pc12/BiochemicalReaction_d13e2395a5a3b8d4b8ec480e58480381", "http://pathwaycommons.org/pc12/Catalysis_ab759ec794b7ad23812972ecd9d7465f", "http://pathwaycommons.org/pc12/Catalysis_35e49e24f9815800f99ab9b9033de3f1", "http://pathwaycommons.org/pc12/BiochemicalReaction_a544b756b28a76c3b7392e25d057d853", "http://pathwaycommons.org/pc12/BiochemicalReaction_d911518a5bd871f5f87b9e10b5982f57", "http://pathwaycommons.org/pc12/Catalysis_683e643355da8cd9fd39f998312d8422", "http://pathwaycommons.org/pc12/Catalysis_f05d27c52a7521850eab955198231dfc", "http://pathwaycommons.org/pc12/Catalysis_e4b3e9bcf77d70014ef41cb14f3a4cfa", "http://pathwaycommons.org/pc12/Catalysis_e5c5f6c257cd4faa197f913060f9e360", "http://pathwaycommons.org/pc12/BiochemicalReaction_f623957dba67dd6e366ee01e791381d8", "http://pathwaycommons.org/pc12/Catalysis_c2928285afd79ff4cbf59ae39d044fa8", "http://pathwaycommons.org/pc12/BiochemicalReaction_9731e6468d79673c2e450a4150d90666", "http://pathwaycommons.org/pc12/BiochemicalReaction_06b305a4523ffcb91d2039b627aedd14", "http://pathwaycommons.org/pc12/Catalysis_fd36a53c80b3072c417bf00117c12e85", "http://pathwaycommons.org/pc12/Catalysis_e32b0acb3f7b986b4d5925c6f73139a4", "http://pathwaycommons.org/pc12/BiochemicalReaction_6b294c4ae9a899658a3b74d1a1a828ed", "PMID:11154281", "http://pathwaycommons.org/pc12/BiochemicalReaction_6649377a45265586347168a0feb04b8f", "http://pathwaycommons.org/pc12/Catalysis_1a90ee4a0617da6e3f150384aa687d7c", "http://pathwaycommons.org/pc12/Catalysis_40acb1ea677e3c383f761f9b3135c6bc" ],
      "target" : "FOXO3"
    }
  }, {
    "data" : {
      "tooltipText" : "FOXO3-T32-S315-S253",
      "edgeType" : "phosphorylates",
      "source" : "AKT2",
      "pcLinks" : [ "http://pathwaycommons.org/pc12/Catalysis_ab759ec794b7ad23812972ecd9d7465f", "http://pathwaycommons.org/pc12/BiochemicalReaction_a544b756b28a76c3b7392e25d057d853", "http://pathwaycommons.org/pc12/BiochemicalReaction_c0e61e76eef0765c278c3fc1880d6f77", "http://identifiers.org/reactome/R-HSA-199299", "http://pathwaycommons.org/pc12/Catalysis_f2f1c8cd78e2bedfbbb503bc0b5bd707", "http://pathwaycommons.org/pc12/Catalysis_e4b3e9bcf77d70014ef41cb14f3a4cfa", "http://pathwaycommons.org/pc12/Catalysis_e5c5f6c257cd4faa197f913060f9e360", "http://pathwaycommons.org/pc12/BiochemicalReaction_f623957dba67dd6e366ee01e791381d8", "http://pathwaycommons.org/pc12/Catalysis_c2928285afd79ff4cbf59ae39d044fa8", "http://pathwaycommons.org/pc12/Catalysis_fd36a53c80b3072c417bf00117c12e85", "http://pathwaycommons.org/pc12/Catalysis_9dbf65bd2ee11413df0a8ba8943fa1c7", "http://pathwaycommons.org/pc12/BiochemicalReaction_6b294c4ae9a899658a3b74d1a1a828ed", "http://pathwaycommons.org/pc12/BiochemicalReaction_6649377a45265586347168a0feb04b8f", "http://pathwaycommons.org/pc12/Catalysis_1a90ee4a0617da6e3f150384aa687d7c", "http://identifiers.org/reactome/R-HSA-9624526", "http://pathwaycommons.org/pc12/BiochemicalReaction_d13e2395a5a3b8d4b8ec480e58480381" ],
      "target" : "FOXO3"
    }
  }, {
    "data" : {
      "tooltipText" : "AKT1S1-T246-S183",
      "edgeType" : "phosphorylates",
      "source" : "AKT1",
      "pcLinks" : [ "http://pathwaycommons.org/pc12/Catalysis_bfe747f0cc4dee87fc3a76265d048bc7", "http://pathwaycommons.org/pc12/BiochemicalReaction_6a1fbbdf03d74f2a68c15fc4edb1f2ad", "http://pathwaycommons.org/pc12/Catalysis_f43f17813fe7f4a752ec932b62a13912", "http://pathwaycommons.org/pc12/Catalysis_f32e44fc1fbbc4e94ae9b243c03dfc85", "http://pathwaycommons.org/pc12/Catalysis_8f663b3bdd9fcb64b4cac09bc1376140", "PMID:12524439", "http://pathwaycommons.org/pc12/Catalysis_cc1676209581fd955748b6a118a84e0a", "http://identifiers.org/reactome/R-HSA-2399977", "http://identifiers.org/reactome/R-HSA-200143", "http://pathwaycommons.org/pc12/ComplexAssembly_e38f182b5cc82d1a810fe9e7e74ee350", "PMID:17277771", "http://pathwaycommons.org/pc12/Catalysis_6d8e52a1843f5c3d37dbd214330c6d1b", "http://identifiers.org/reactome/R-HSA-377186", "http://pathwaycommons.org/pc12/ComplexAssembly_55991fa06d143a15f45b158733880e52", "http://pathwaycommons.org/pc12/Catalysis_69b217c630b49037552419a06a80a9bc", "http://pathwaycommons.org/pc12/BiochemicalReaction_191eefe66ed757e55320a06c027cb505" ],
      "target" : "AKT1S1"
    }
  }, {
    "data" : {
      "tooltipText" : "AKT1S1-T246-S183",
      "edgeType" : "phosphorylates",
      "source" : "AKT2",
      "pcLinks" : [ "PMID:12524439", "http://pathwaycommons.org/pc12/Catalysis_cc1676209581fd955748b6a118a84e0a", "http://pathwaycommons.org/pc12/Catalysis_f32e44fc1fbbc4e94ae9b243c03dfc85", "http://identifiers.org/reactome/R-HSA-200143", "http://pathwaycommons.org/pc12/ComplexAssembly_e38f182b5cc82d1a810fe9e7e74ee350", "http://pathwaycommons.org/pc12/Catalysis_6d8e52a1843f5c3d37dbd214330c6d1b", "http://pathwaycommons.org/pc12/BiochemicalReaction_191eefe66ed757e55320a06c027cb505" ],
      "target" : "AKT1S1"
    }
  }, {
    "data" : {
      "tooltipText" : "EIF4EBP1-S65-T46-T37",
      "edgeType" : "phosphorylates",
      "source" : "AKT1",
      "pcLinks" : [ "PMID:18669648", "PMID:19651622", "PMID:20068231", "PMID:19664995", "http://pathwaycommons.org/pc12/Catalysis_40c8ff0302697198bbb70d23a6796a15", "PMID:11777913", "PMID:18767875", "PMID:17287340", "PMID:19413330", "http://pathwaycommons.org/pc12/BiochemicalReaction_89833c4441ce2eb4d3d963dbe8a6793e" ],
      "target" : "EIF4EBP1"
    }
  }, {
    "data" : {
      "tooltipText" : "ULK1-S757-S758-S638",
      "edgeType" : "phosphorylates",
      "source" : "MTOR",
      "pcLinks" : [ "http://identifiers.org/reactome/R-HSA-5672010", "http://pathwaycommons.org/pc12/Catalysis_54e2313c9987bce8ef78eb6b38a0f724", "PMID:23186163", "PMID:21383122" ],
      "target" : "ULK1"
    }
  }, {
    "data" : {
      "tooltipText" : "MYC-S62",
      "edgeType" : "phosphorylates",
      "source" : "MTOR",
      "pcLinks" : [ "PMID:21659604" ],
      "target" : "MYC"
    }
  }, {
    "data" : {
      "tooltipText" : "AKT2-S474",
      "edgeType" : "phosphorylates",
      "source" : "MTOR",
      "pcLinks" : [ "http://pathwaycommons.org/pc12/Catalysis_a75e1f130611ea1bcd4a68e905fcd087", "http://identifiers.org/reactome/R-HSA-198640", "http://pathwaycommons.org/pc12/BiochemicalReaction_636ff9eff879562d6216c17352a7a5f0", "http://pathwaycommons.org/pc12/BiochemicalReaction_f1e08dccdc0927c8d029bab02c2e1211", "http://pathwaycommons.org/pc12/Catalysis_a45073af2507ad7c55289ab5aa80c5cd", "http://pathwaycommons.org/pc12/Catalysis_3821a3c8186926049e122b2492437712", "http://pathwaycommons.org/pc12/BiochemicalReaction_c8f55b00eb2ea3c13564798924ad6b19", "http://pathwaycommons.org/pc12/Catalysis_1de8a791dbba2175dab61dbabb150863" ],
      "target" : "AKT2"
    }
  }, {
    "data" : {
      "tooltipText" : "AKT1-S450-S473-T450",
      "edgeType" : "phosphorylates",
      "source" : "MTOR",
      "pcLinks" : [ "http://identifiers.org/reactome/R-HSA-198640", "http://pathwaycommons.org/pc12/Catalysis_a45073af2507ad7c55289ab5aa80c5cd", "http://pathwaycommons.org/pc12/Catalysis_3821a3c8186926049e122b2492437712", "PMID:14761976", "http://pathwaycommons.org/pc12/BiochemicalReaction_39c8f538aee6678e40d4ad1e24030192", "http://pathwaycommons.org/pc12/Catalysis_e65b6ca158d23049efe19634e24462d0", "PMID:20501647", "http://pathwaycommons.org/pc12/BiochemicalReaction_636ff9eff879562d6216c17352a7a5f0", "PMID:21157483", "PMID:21045808", "http://pathwaycommons.org/pc12/BiochemicalReaction_b6cc8c4b1b2cfe3e0bb3115fc2d93647", "http://pathwaycommons.org/pc12/BiochemicalReaction_4eae0a785bfee01e841b23d7c08b1e9d", "http://pathwaycommons.org/pc12/Catalysis_1de8a791dbba2175dab61dbabb150863", "http://pathwaycommons.org/pc12/Catalysis_12de0eb61bbbd330e152d70cfe482497", "http://pathwaycommons.org/pc12/Catalysis_844d7a55a8f0bb883538270702a66a93", "http://identifiers.org/reactome/R-HSA-2243938", "http://pathwaycommons.org/pc12/Catalysis_a75e1f130611ea1bcd4a68e905fcd087", "http://pathwaycommons.org/pc12/BiochemicalReaction_f1e08dccdc0927c8d029bab02c2e1211", "http://pathwaycommons.org/pc12/BiochemicalReaction_beff505f65882d3b2a60512064999ac7", "PMID:22084251", "PMID:23928304", "http://pathwaycommons.org/pc12/Catalysis_43eaa494c3f0ee1304271c6f074554d3", "http://pathwaycommons.org/pc12/Catalysis_ab53c02bdf8618fa4a28d8238eb06765", "http://pathwaycommons.org/pc12/Catalysis_fed7862f36722abd04069ccc076275eb", "http://pathwaycommons.org/pc12/BiochemicalReaction_9724683fffbe7423b802e4d602392846", "PMID:15718470", "http://pathwaycommons.org/pc12/BiochemicalReaction_4ef3646a908e88e0955c7a7b43314e12", "http://pathwaycommons.org/pc12/BiochemicalReaction_c8f55b00eb2ea3c13564798924ad6b19", "http://pathwaycommons.org/pc12/Catalysis_6e09d19e8193c6ae303347a4af9df844", "PMID:20804212", "PMID:21965657", "PMID:21592956" ],
      "target" : "AKT1"
    }
  }, {
    "data" : {
      "tooltipText" : "EIF4EBP1-T41-S44-S65-T45-T36-T46-T37-S101-T70-S83",
      "edgeType" : "phosphorylates",
      "source" : "MTOR",
      "pcLinks" : [ "PMID:20068231", "http://pathwaycommons.org/pc12/Catalysis_66387289c3e9ee1a6d92940f40893e56", "PMID:19664995", "PMID:17386266", "http://identifiers.org/reactome/R-HSA-5672887", "PMID:17287340", "PMID:12370290", "PMID:9465032", "PMID:21659604", "http://pathwaycommons.org/pc12/Catalysis_d991647f07dad08161ac33d9dd6678c0", "PMID:18220336", "http://pathwaycommons.org/pc12/Catalysis_91b52cea7b9af72e5432a09ccca4eb81", "http://pathwaycommons.org/pc12/BiochemicalReaction_7c56245afb885d6e61771cef3441e225", "PMID:9405468", "PMID:18767875", "PMID:12912989", "http://pathwaycommons.org/pc12/BiochemicalReaction_8cca76168546d0eb3f8cb1acac9eff34", "PMID:19346248", "PMID:18669648", "PMID:9204908", "http://pathwaycommons.org/pc12/Catalysis_b521b42948efd832f2b88ac5ce1add36", "PMID:20537536", "PMID:10942774", "http://identifiers.org/reactome/R-HSA-165692", "PMID:11777913", "PMID:10779345", "PMID:9092573", "http://pathwaycommons.org/pc12/BiochemicalReaction_16368bea4f5aa7bacc5a7c07177d5b7e", "http://pathwaycommons.org/pc12/BiochemicalReaction_2f4fca1b12889cfafdaa7d5b03c60f07", "PMID:19651622", "PMID:17081983", "http://pathwaycommons.org/pc12/Catalysis_d965fb2eb50d22abe8730e6a8706e352", "http://pathwaycommons.org/pc12/Catalysis_b27a758dbc2959cd2af849e9d312b13e", "http://pathwaycommons.org/pc12/BiochemicalReaction_05b72eb5b48ad9205098d47ca3db10e2", "PMID:19413330", "PMID:20804212", "PMID:12747827" ],
      "target" : "EIF4EBP1"
    }
  }, {
    "data" : {
      "tooltipText" : "AKT1-T308-Y474-T473-S473-S308",
      "edgeType" : "phosphorylates",
      "source" : "PIK3CA",
      "pcLinks" : [ "http://pathwaycommons.org/pc12/Catalysis_20a785eb3b66773860b20e9e3d265b86", "http://pathwaycommons.org/pc12/Catalysis_cc3637c42b3895d0f18e1cbba2c67883", "http://pathwaycommons.org/pc12/Catalysis_420b4e91ca50526cac6af9f38914d556", "http://pathwaycommons.org/pc12/BiochemicalReaction_a895b16e1219438522afeabe1927cbf5", "http://pathwaycommons.org/pc12/SmallMolecule_bd44b938f035283d8d17fc5e9cbc10ce", "http://pathwaycommons.org/pc12/BiochemicalReaction_4ade739a8a8d14aff9a26e3c817be412", "http://pathwaycommons.org/pc12/Catalysis_30e830cf51ea261789d0c6a52da4851d", "http://pathwaycommons.org/pc12/Catalysis_e18547f5bad95877c13fb2f099840c67", "http://pathwaycommons.org/pc12/Catalysis_2543bcad1d966971d4f5d842e70e8703", "http://pathwaycommons.org/pc12/BiochemicalReaction_5b94cfbc5453104f80d01b411abfdb2f", "http://pathwaycommons.org/pc12/Catalysis_b672aeee3cfab4b09fe64ee750373693", "http://pathwaycommons.org/pc12/Catalysis_0822ddc682a16245f8d67085e5a12bdb", "http://pathwaycommons.org/pc12/BiochemicalReaction_e27b2f38de4b286aa13a82579a8b6782", "http://pathwaycommons.org/pc12/Catalysis_8b07f72c8dc6135e21c740e890ee9b87", "http://pathwaycommons.org/pc12/BiochemicalReaction_2497f1511657a7f42e723be6baac8919", "http://pathwaycommons.org/pc12/Catalysis_c3c482653bc1b12ec848fd983d3956f1", "http://pathwaycommons.org/pc12/BiochemicalReaction_5f04564c882bca240a41992b258a8653", "http://pathwaycommons.org/pc12/Catalysis_5bede2ebecee604a43da57c87df788b1", "http://pathwaycommons.org/pc12/BiochemicalReaction_d7f94802acba8b095ac1d271af370044", "http://pathwaycommons.org/pc12/TransportWithBiochemicalReaction_9b6a43ff8d00078d6548e07d17d4168a", "http://pathwaycommons.org/pc12/Catalysis_8cb61036f6568d35667b3e2520bd9979", "http://pathwaycommons.org/pc12/BiochemicalReaction_dbd2b125ae6052e8e80c63aa57b609d0", "http://pathwaycommons.org/pc12/Catalysis_89bd4ee8b63acfe78cd8b4b61a569d04", "http://pathwaycommons.org/pc12/TransportWithBiochemicalReaction_5c29fa3a786f2a2b7b2cc6918a9217ba", "http://pathwaycommons.org/pc12/Catalysis_6096b44f03c0800596a8a117480840ee", "http://pathwaycommons.org/pc12/TransportWithBiochemicalReaction_2e781af1de8f929260941581221fc84f", "http://pathwaycommons.org/pc12/Catalysis_ebd1bd16aa73c9582f338ce49d8810de", "http://pathwaycommons.org/pc12/Catalysis_653759edf172131d6e83b7aa4a227e51", "http://pathwaycommons.org/pc12/TransportWithBiochemicalReaction_b9a0c1ae84d1de0839eb3d0cffd357c8", "http://pathwaycommons.org/pc12/BiochemicalReaction_d15ed1c2287813c81fefc56d083b05ed", "http://pathwaycommons.org/pc12/TransportWithBiochemicalReaction_f4b2d9d549cbac5441241fca0a244f7d", "http://pathwaycommons.org/pc12/Catalysis_f78611e011db3a8318f340ab26ccb0f5", "http://pathwaycommons.org/pc12/TransportWithBiochemicalReaction_d5b86a8aa2390e585f46c54ba51029c9", "http://pathwaycommons.org/pc12/TransportWithBiochemicalReaction_9a3c403d0e948c51002b9b6566e1453c", "http://pathwaycommons.org/pc12/Catalysis_0c0beb965f902f44299518b6227d2090", "http://pathwaycommons.org/pc12/Catalysis_f052fe4acaea816c54e5e7c1e7a51b0d", "http://pathwaycommons.org/pc12/Catalysis_ce8e26a824647c10030e8b967f6b86c1", "http://pathwaycommons.org/pc12/BiochemicalReaction_492009f610a7ed5277f54d8b38115080", "http://pathwaycommons.org/pc12/BiochemicalReaction_579f06c0bec7da3d018fb0044a36c34d", "http://pathwaycommons.org/pc12/BiochemicalReaction_968847f315984f6ba1e39f73212dc2d3", "http://pathwaycommons.org/pc12/BiochemicalReaction_984fec6b3bfb33a9f890194518f50e41", "http://pathwaycommons.org/pc12/BiochemicalReaction_1a3be56deb6756dec2bf4edc1f4414f7", "http://pathwaycommons.org/pc12/Catalysis_a7986983ee35051fc265a39d11a92084", "http://pathwaycommons.org/pc12/TransportWithBiochemicalReaction_2f0dcf353133fd3ccda9741ca4333460", "http://pathwaycommons.org/pc12/BiochemicalReaction_e8921dc7ca146ae587ce61cdfcb48012", "http://pathwaycommons.org/pc12/TransportWithBiochemicalReaction_297211ed342b2629eb31d375100a86fe", "http://pathwaycommons.org/pc12/Catalysis_8794b97aad9345784e9bcd3349119301", "http://pathwaycommons.org/pc12/Catalysis_d55f44c5e8d47bd7ed396c06a39251fb", "http://pathwaycommons.org/pc12/Catalysis_a9228bd76b902295331c87b12e80ac21", "http://pathwaycommons.org/pc12/Catalysis_a581e7a566aa104e00b6cad46e5c2039", "http://pathwaycommons.org/pc12/Catalysis_f97d5c22b4bbbb30d06bec897f64d9a0", "http://pathwaycommons.org/pc12/BiochemicalReaction_bf774b57bd08fe0fdf2a8bde8a1dcd9a", "http://pathwaycommons.org/pc12/BiochemicalReaction_379737d29d84917c8b915f9ab16c9777", "http://pathwaycommons.org/pc12/BiochemicalReaction_9b77c9798a3d1bff77857ac713f37370", "http://pathwaycommons.org/pc12/TransportWithBiochemicalReaction_13119af0195bdd6075284f830251dd7b", "http://pathwaycommons.org/pc12/Catalysis_a88a9fdaa36a95e6d94f28d5c141495b", "http://pathwaycommons.org/pc12/BiochemicalReaction_968100dbe212eb6349ffdd326b8febaa", "http://pathwaycommons.org/pc12/Catalysis_cc952c39a97c803f4894ddd0ec9696f6", "http://pathwaycommons.org/pc12/Catalysis_f94675d42bb61b1a4fdf6d46cdff7591", "http://pathwaycommons.org/pc12/Catalysis_49415cc7fed4174ae67036f1abdbcf30", "http://pathwaycommons.org/pc12/BiochemicalReaction_488957cfbc4769bc976e8b240483f9b3", "http://pathwaycommons.org/pc12/Catalysis_0867a64569e834ad7baa28221cf6bf59", "http://pathwaycommons.org/pc12/Catalysis_ebecb54f9c896caf61021c4c9abd299d", "http://pathwaycommons.org/pc12/BiochemicalReaction_3b369f06d6e87f74e3c2d406eb184647", "http://pathwaycommons.org/pc12/Catalysis_6b9fe77210cb360a2c2dd2ac785f7fcb", "http://pathwaycommons.org/pc12/BiochemicalReaction_08c32160b5b37aea84b1c93f50d3b3da", "http://pathwaycommons.org/pc12/Catalysis_92c7769e8f27def3d5f7c04aad3ef77b", "http://pathwaycommons.org/pc12/BiochemicalReaction_e696ee7415714064357988f8669ef0d7", "http://pathwaycommons.org/pc12/Catalysis_1a00db1627afe83ee3db787335c34af1", "http://pathwaycommons.org/pc12/TransportWithBiochemicalReaction_62a011dbfeda642058e3c3a2093b8a6f", "http://pathwaycommons.org/pc12/BiochemicalReaction_59dd85e638908bd1e0584d99362b08b7", "http://pathwaycommons.org/pc12/BiochemicalReaction_a3060d43bcf739e9c6679b98d618c744", "http://pathwaycommons.org/pc12/Catalysis_e6993d359fb9f528dd2785460bcf830a", "http://pathwaycommons.org/pc12/Catalysis_2470c7f86b4fc8b1a67941e46352e287", "http://pathwaycommons.org/pc12/BiochemicalReaction_d0d117b2a0ddafa8c3fe3f75db7f17be", "http://pathwaycommons.org/pc12/Catalysis_ea82fa6410186b9452c6bbfa8f1031b1", "http://pathwaycommons.org/pc12/SmallMolecule_070f3104a46e72f60f3064de51a70f6c", "http://pathwaycommons.org/pc12/Catalysis_c3da71f8e9d2ae5a7ca9fde9656fca0b", "http://pathwaycommons.org/pc12/BiochemicalReaction_adc92b8c90153493d542582f7d2adb39", "http://pathwaycommons.org/pc12/Catalysis_fd17f092f922d5ea6448de72b30324a2", "http://pathwaycommons.org/pc12/Catalysis_90eb62b6e37ed3cc415d6c4d80b3af1f", "http://pathwaycommons.org/pc12/Catalysis_c901b6239e953c12a1c25d02dd163f5e", "http://pathwaycommons.org/pc12/Catalysis_5c6945a29962e664ec9f7ebd073bc9cb", "http://pathwaycommons.org/pc12/Catalysis_4934de696b29e701ee1246453aff06a5", "http://pathwaycommons.org/pc12/Catalysis_6c1c0bb125067bb7985fb3246795910f", "http://pathwaycommons.org/pc12/Catalysis_3d7ae6bcac9007a9f9b88df44ead15c8", "http://pathwaycommons.org/pc12/BiochemicalReaction_62c736b5274bc9dd596221f14344fade", "http://pathwaycommons.org/pc12/Catalysis_20a67707db12d839aa26392b026e09eb", "http://pathwaycommons.org/pc12/BiochemicalReaction_b98d65685d47d71da19880d42e94bcbc", "http://pathwaycommons.org/pc12/BiochemicalReaction_e0eda7a4f7b26deee966ff4f1685d416", "http://pathwaycommons.org/pc12/BiochemicalReaction_b3b46c314a7c43129fd4bafd1f2c7806", "http://pathwaycommons.org/pc12/Catalysis_156a603b3bd5d8f88eb2f5f12cdde881", "http://pathwaycommons.org/pc12/Catalysis_a083ae2a042001137553df980a569b06", "http://pathwaycommons.org/pc12/Catalysis_7872eb0acdc9f3c2ddcb0bb823018400", "http://pathwaycommons.org/pc12/Catalysis_1b2fdbd454f133ef1f6571a805886c43", "http://pathwaycommons.org/pc12/Catalysis_07a91b21d79cc2f91031835bddacf3c3", "http://pathwaycommons.org/pc12/Catalysis_99ee8ced19ca038292177b0c5eb1570c", "http://pathwaycommons.org/pc12/BiochemicalReaction_08771ea8ed5c6a1ed99f58ba690fd6a8", "http://pathwaycommons.org/pc12/BiochemicalReaction_6f62d35fcf1362a267b8931251181741", "http://pathwaycommons.org/pc12/BiochemicalReaction_fdc3c330aaf17f16251120deb374f75e", "http://pathwaycommons.org/pc12/Catalysis_076c1d85bae2de09f46602ebcfb08552", "http://pathwaycommons.org/pc12/Catalysis_0bb660c658131b71681be61a86248db8", "http://pathwaycommons.org/pc12/BiochemicalReaction_5f4ce9e617bb760522eff1069a69eb87", "http://pathwaycommons.org/pc12/BiochemicalReaction_5d1a031fabc4a139be3b4f5bc3f45581", "http://pathwaycommons.org/pc12/BiochemicalReaction_1311f795e1f18586e4ebe0927549cfb5", "http://pathwaycommons.org/pc12/Catalysis_c070f302b6d38b0f5dc78881fe018464", "http://pathwaycommons.org/pc12/Catalysis_67a6f5b9796b9c433f01bb252497f1db", "http://pathwaycommons.org/pc12/Catalysis_cd46626ffa21c82ff169204230a8fed2", "http://pathwaycommons.org/pc12/TransportWithBiochemicalReaction_81a4b452fadc18ab6c234aa645212f49", "http://pathwaycommons.org/pc12/TransportWithBiochemicalReaction_1221d134b6b15944dff6a3e34317d5dc", "http://pathwaycommons.org/pc12/BiochemicalReaction_4d80e0a95764c53fe51417d1af73a384", "http://pathwaycommons.org/pc12/BiochemicalReaction_7911527d58c9c28841a29bf80453671b", "http://pathwaycommons.org/pc12/Catalysis_86289d718cbc7e3b982f54226182c35e", "http://pathwaycommons.org/pc12/BiochemicalReaction_ecf1530ea069b165bd2c74550370c3ad", "http://pathwaycommons.org/pc12/TransportWithBiochemicalReaction_3d7e6b09e992ce386fb8c4dc51be5e55", "http://pathwaycommons.org/pc12/BiochemicalReaction_b9c2b1d325fc5e659a76de125254eb31", "http://pathwaycommons.org/pc12/Catalysis_ef42fbf7b39af40a8e4f6c13207716ef", "http://pathwaycommons.org/pc12/BiochemicalReaction_455c6c3b257090ec775fe18cb78a7cde", "http://pathwaycommons.org/pc12/Catalysis_3b113785c46147a0aaa6570c1b2f6c90" ],
      "target" : "AKT1"
    }
  } ]
}