{
  "nodes" : [ {
    "css" : { },
    "data" : {
      "sites" : [ {
        "siteBackgroundColor" : "rgb(255,213,204)",
        "siteText" : "p",
        "siteInfo" : "PTK2_Y397 2.3820387156666403",
        "siteBorderColor" : "rgb(0,180,20)"
      } ],
      "id" : "PTK2",
      "text" : "PTK2"
    }
  }, {
    "css" : {
      "borderColor" : "rgb(0,180,20)"
    },
    "data" : {
      "sites" : [ {
        "siteBackgroundColor" : "rgb(255,238,234)",
        "siteText" : "!",
        "siteInfo" : "YES1-active-by-network-sig 1.0",
        "siteBorderColor" : "rgb(0,180,20)"
      } ],
      "id" : "YES1",
      "text" : "YES1"
    }
  }, {
    "css" : { },
    "data" : {
      "sites" : [ {
        "siteBackgroundColor" : "rgb(255,203,191)",
        "siteText" : "p",
        "siteInfo" : "MARCKS_S159 2.9833608850197804",
        "siteBorderColor" : "rgb(50,50,50)"
      } ],
      "id" : "MARCKS",
      "text" : "MARCKS"
    }
  }, {
    "css" : { },
    "data" : {
      "sites" : [ {
        "siteBackgroundColor" : "rgb(255,173,155)",
        "siteText" : "p",
        "siteInfo" : "PRKCB_T641 4.6703717754376495",
        "siteBorderColor" : "rgb(50,50,50)"
      }, {
        "siteBackgroundColor" : "rgb(255,158,136)",
        "siteText" : "p",
        "siteInfo" : "PRKCB_S660 5.535179650279197",
        "siteBorderColor" : "rgb(0,180,20)"
      } ],
      "id" : "PRKCB",
      "text" : "PRKCB"
    }
  }, {
    "css" : { },
    "data" : {
      "sites" : [ {
        "siteBackgroundColor" : "rgb(255,103,68)",
        "siteText" : "p",
        "siteInfo" : "PRKCA_T497 8.701926339953422",
        "siteBorderColor" : "rgb(0,180,20)"
      } ],
      "id" : "PRKCA",
      "text" : "PRKCA"
    }
  }, {
    "css" : { },
    "data" : {
      "sites" : [ {
        "siteBackgroundColor" : "rgb(255,191,177)",
        "siteText" : "p",
        "siteInfo" : "PDPK1_S241 3.6377970039868948",
        "siteBorderColor" : "rgb(0,180,20)"
      } ],
      "id" : "PDPK1",
      "text" : "PDPK1"
    }
  }, {
    "css" : { },
    "data" : {
      "sites" : [ {
        "siteBackgroundColor" : "rgb(255,103,68)",
        "siteText" : "p",
        "siteInfo" : "RPS6KA3_S369 8.701926339953422",
        "siteBorderColor" : "rgb(0,180,20)"
      } ],
      "id" : "RPS6KA3",
      "text" : "RPS6KA3"
    }
  }, {
    "css" : {
      "borderColor" : "rgb(0,180,20)"
    },
    "data" : {
      "sites" : [ {
        "siteBackgroundColor" : "rgb(255,238,234)",
        "siteText" : "!",
        "siteInfo" : "HCK-active-by-network-sig 1.0",
        "siteBorderColor" : "rgb(0,180,20)"
      } ],
      "id" : "HCK",
      "text" : "HCK"
    }
  }, {
    "css" : { },
    "data" : {
      "sites" : [ {
        "siteBackgroundColor" : "rgb(255,203,191)",
        "siteText" : "p",
        "siteInfo" : "STAT5A_Y694 2.9833608850197804",
        "siteBorderColor" : "rgb(0,180,20)"
      } ],
      "id" : "STAT5A",
      "text" : "STAT5A"
    }
  }, {
    "css" : { },
    "data" : {
      "sites" : [ {
        "siteBackgroundColor" : "rgb(255,164,143)",
        "siteText" : "p",
        "siteInfo" : "BCL2_S70 5.211627886469209",
        "siteBorderColor" : "rgb(180,0,20)"
      } ],
      "id" : "BCL2",
      "text" : "BCL2"
    }
  }, {
    "css" : { },
    "data" : {
      "sites" : [ {
        "siteBackgroundColor" : "rgb(255,154,131)",
        "siteText" : "p",
        "siteInfo" : "YAP1_S127 5.7545038700619955",
        "siteBorderColor" : "rgb(180,0,20)"
      } ],
      "id" : "YAP1",
      "text" : "YAP1"
    }
  }, {
    "css" : { },
    "data" : {
      "sites" : [ {
        "siteBackgroundColor" : "rgb(255,214,205)",
        "siteText" : "p",
        "siteInfo" : "LATS1_S909 2.3316573626600126",
        "siteBorderColor" : "rgb(0,180,20)"
      } ],
      "id" : "LATS2",
      "text" : "LATS2"
    }
  }, {
    "css" : { },
    "data" : {
      "sites" : [ {
        "siteBackgroundColor" : "rgb(255,214,205)",
        "siteText" : "p",
        "siteInfo" : "LATS1_S909 2.3316573626600126",
        "siteBorderColor" : "rgb(0,180,20)"
      } ],
      "id" : "LATS1",
      "text" : "LATS1"
    }
  }, {
    "css" : { },
    "data" : {
      "sites" : [ {
        "siteBackgroundColor" : "rgb(255,209,199)",
        "siteText" : "p",
        "siteInfo" : "PRKCD_T507 2.604382119809629",
        "siteBorderColor" : "rgb(0,180,20)"
      } ],
      "id" : "PRKCD",
      "text" : "PRKCD"
    }
  }, {
    "css" : { },
    "data" : {
      "sites" : [ {
        "siteBackgroundColor" : "rgb(255,175,157)",
        "siteText" : "p",
        "siteInfo" : "MAP2K4_S257 4.54501907208792",
        "siteBorderColor" : "rgb(0,180,20)"
      } ],
      "id" : "MAP2K4",
      "text" : "MAP2K4"
    }
  }, {
    "css" : { },
    "data" : {
      "sites" : [ {
        "siteBackgroundColor" : "rgb(255,208,198)",
        "siteText" : "p",
        "siteInfo" : "WWTR1_S89 2.6577946718880274",
        "siteBorderColor" : "rgb(180,0,20)"
      } ],
      "id" : "WWTR1",
      "text" : "WWTR1"
    }
  }, {
    "css" : { },
    "data" : {
      "sites" : [ {
        "siteBackgroundColor" : "rgb(193,204,255)",
        "siteText" : "p",
        "siteInfo" : "KSR1_S334 -2.9016878762960387",
        "siteBorderColor" : "rgb(50,50,50)"
      } ],
      "id" : "KSR1",
      "text" : "KSR1"
    }
  }, {
    "css" : { },
    "data" : {
      "sites" : [ {
        "siteBackgroundColor" : "rgb(136,158,255)",
        "siteText" : "p",
        "siteInfo" : "RREB1_S1530 -5.535179650279197",
        "siteBorderColor" : "rgb(50,50,50)"
      } ],
      "id" : "RREB1",
      "text" : "RREB1"
    }
  }, {
    "css" : { },
    "data" : {
      "sites" : [ {
        "siteBackgroundColor" : "rgb(255,209,199)",
        "siteText" : "p",
        "siteInfo" : "MTOR_S2481 2.604382119809629",
        "siteBorderColor" : "rgb(0,180,20)"
      } ],
      "id" : "MTOR",
      "text" : "MTOR"
    }
  } ],
  "edges" : [ {
    "data" : {
      "tooltipText" : "PTK2-Y397-Y576-Y861-Y925",
      "edgeType" : "phosphorylates",
      "source" : "YES1",
      "pcLinks" : [ "http://pathwaycommons.org/pc12/Catalysis_29ef0f8b2f8a47f043cbadb03c1eed55", "PMID:16293639", "PMID:25868388", "http://pathwaycommons.org/pc12/ComplexAssembly_bc062f1cc8787056cf2232521a8c49ae" ],
      "target" : "PTK2"
    }
  }, {
    "data" : {
      "tooltipText" : "MARCKS-S170-S159-S163",
      "edgeType" : "phosphorylates",
      "source" : "PRKCB",
      "pcLinks" : [ "PMID:18669648", "PMID:20068231", "PMID:17322306", "PMID:18212344", "PMID:19664995", "PMID:17287340", "PMID:20058876", "PMID:18578522", "PMID:18707149", "PMID:11930178", "PMID:19651622", "PMID:8557118", "PMID:20166139", "PMID:18767875", "PMID:19413330" ],
      "target" : "MARCKS"
    }
  }, {
    "data" : {
      "tooltipText" : "MARCKS-S170-S118-S159-S46-S167-S101-S27-S163-S81",
      "edgeType" : "phosphorylates",
      "source" : "PRKCA",
      "pcLinks" : [ "PMID:20068231", "PMID:18510355", "PMID:19664994", "PMID:19664995", "PMID:17287340", "PMID:18578522", "PMID:17924679", "PMID:16116087", "PMID:11930178", "PMID:18491316", "PMID:20166139", "http://identifiers.org/reactome/R-HSA-399978", "PMID:18767875", "PMID:1650359", "PMID:18669648", "PMID:17322306", "PMID:18452278", "PMID:18212344", "http://pathwaycommons.org/pc12/Catalysis_efadcded9f0060efab5fb2beb884caec", "PMID:8034575", "PMID:20058876", "PMID:18707149", "PMID:19651622", "PMID:2473066", "PMID:8557118", "PMID:19413330" ],
      "target" : "MARCKS"
    }
  }, {
    "data" : {
      "tooltipText" : "PDPK1-S241",
      "edgeType" : "phosphorylates",
      "source" : "RPS6KA3",
      "pcLinks" : [ "http://pathwaycommons.org/pc12/Catalysis_9713f5cae3bceeed94966f169c317103", "http://pathwaycommons.org/pc12/BiochemicalReaction_cccc7edc3cf898576bf03dcbc2a84c8f" ],
      "target" : "PDPK1"
    }
  }, {
    "data" : {
      "tooltipText" : "PRKCB-T634-T499-T323-S15-T313-T641-T16-S660",
      "edgeType" : "phosphorylates",
      "source" : "HCK",
      "pcLinks" : [ "http://pathwaycommons.org/pc12/Catalysis_6ebebfd4558f03a00f08e0547ea26b60", "http://pathwaycommons.org/pc12/SmallMolecule_c4bc28d10fa9bbdf311182463f74550d", "http://pathwaycommons.org/pc12/BiochemicalReaction_939f39f56c819375fe0f969cc8ee73ca", "http://pathwaycommons.org/pc12/BiochemicalReaction_686d85d2b28e9a341a405f893d52cdd7", "http://pathwaycommons.org/pc12/Catalysis_4d2ef9faf8d866af6ec9ea2ffb8a84da" ],
      "target" : "PRKCB"
    }
  }, {
    "data" : {
      "tooltipText" : "STAT5A-Y694",
      "edgeType" : "phosphorylates",
      "source" : "YES1",
      "pcLinks" : [ "http://identifiers.org/reactome/R-HSA-1470009", "http://pathwaycommons.org/pc12/Catalysis_fed68f4ea07539432c0fe38337fcfc3b" ],
      "target" : "STAT5A"
    }
  }, {
    "data" : {
      "tooltipText" : "BCL2-S24-S70",
      "edgeType" : "phosphorylates",
      "source" : "PRKCA",
      "pcLinks" : [ "PMID:9738012" ],
      "target" : "BCL2"
    }
  }, {
    "data" : {
      "tooltipText" : "YAP1-S109-S127-S397-S164-S61",
      "edgeType" : "phosphorylates",
      "source" : "LATS2",
      "pcLinks" : [ "PMID:18669648", "http://identifiers.org/reactome/R-HSA-2028583", "PMID:20068231", "PMID:18369314", "PMID:18640976", "PMID:21832154", "http://pathwaycommons.org/pc12/Catalysis_fdb693251f9517a58393fb06317e3b53", "PMID:21909427", "PMID:22863277", "PMID:25362852", "PMID:21233212", "PMID:18565851", "PMID:22658639", "PMID:20048001", "PMID:20153295", "PMID:17974916" ],
      "target" : "YAP1"
    }
  }, {
    "data" : {
      "tooltipText" : "PRKCA-T497",
      "edgeType" : "phosphorylates",
      "source" : "PDPK1",
      "pcLinks" : [ "http://pathwaycommons.org/pc12/Catalysis_5492398368daf5cdc282966cb79b68b6", "http://identifiers.org/reactome/R-HSA-5218821" ],
      "target" : "PRKCA"
    }
  }, {
    "data" : {
      "tooltipText" : "YAP1-S109-S127-S397-S164-S61-S381",
      "edgeType" : "phosphorylates",
      "source" : "LATS1",
      "pcLinks" : [ "PMID:18669648", "PMID:20068231", "PMID:18158288", "PMID:18369314", "PMID:18640976", "PMID:25751139", "http://pathwaycommons.org/pc12/Catalysis_54b01da06d8ca99c69581c558ac25408", "http://identifiers.org/reactome/R-HSA-2028598", "PMID:20048001", "PMID:22658639", "PMID:20153295", "PMID:17974916" ],
      "target" : "YAP1"
    }
  }, {
    "data" : {
      "tooltipText" : "PTK2-Y397",
      "edgeType" : "phosphorylates",
      "source" : "HCK",
      "pcLinks" : [ "http://pathwaycommons.org/pc12/Catalysis_29ef0f8b2f8a47f043cbadb03c1eed55", "http://pathwaycommons.org/pc12/ComplexAssembly_bc062f1cc8787056cf2232521a8c49ae" ],
      "target" : "PTK2"
    }
  }, {
    "data" : {
      "tooltipText" : "PRKCD-T507",
      "edgeType" : "phosphorylates",
      "source" : "PDPK1",
      "pcLinks" : [ "PMID:18669648", "PMID:11781095", "PMID:11381116", "PMID:19664995", "PMID:9748166", "PMID:20058876", "http://pathwaycommons.org/pc12/Catalysis_5492398368daf5cdc282966cb79b68b6", "http://identifiers.org/reactome/R-HSA-5218821" ],
      "target" : "PRKCD"
    }
  }, {
    "data" : {
      "tooltipText" : "PRKCD-T507",
      "edgeType" : "phosphorylates",
      "source" : "MAP2K4",
      "pcLinks" : [ "http://pathwaycommons.org/pc12/BiochemicalReaction_c525e7b3f99b4af4f5b7dcc1d2caa8ec", "http://pathwaycommons.org/pc12/Catalysis_919aa66fc8c8b186e4a458764704f3b3" ],
      "target" : "PRKCD"
    }
  }, {
    "data" : {
      "tooltipText" : "STAT5A-Y694",
      "edgeType" : "phosphorylates",
      "source" : "HCK",
      "pcLinks" : [ "PMID:25885255" ],
      "target" : "STAT5A"
    }
  }, {
    "data" : {
      "tooltipText" : "PRKCD-Y334-Y311-Y313-S664-T507",
      "edgeType" : "phosphorylates",
      "source" : "YES1",
      "pcLinks" : [ "http://pathwaycommons.org/pc12/TransportWithBiochemicalReaction_dd60e973a6b85bf874b2f80005003cd0", "http://pathwaycommons.org/pc12/BiochemicalReaction_368f7fe712f290bac8b0c0a9a9ff05f2", "http://pathwaycommons.org/pc12/SmallMolecule_c4bc28d10fa9bbdf311182463f74550d", "PMID:18387943", "http://pathwaycommons.org/pc12/Catalysis_f8403b348260e98eacb65332437cbab0", "http://pathwaycommons.org/pc12/BiochemicalReaction_939f39f56c819375fe0f969cc8ee73ca", "http://pathwaycommons.org/pc12/Catalysis_152412aeecad8578dae57d90e28cf4bd", "http://pathwaycommons.org/pc12/Catalysis_4d2ef9faf8d866af6ec9ea2ffb8a84da" ],
      "target" : "PRKCD"
    }
  }, {
    "data" : {
      "tooltipText" : "WWTR1-S89-S311",
      "edgeType" : "phosphorylates",
      "source" : "LATS2",
      "pcLinks" : [ "http://identifiers.org/reactome/R-HSA-2028661", "PMID:18227151", "PMID:21808241", "PMID:22658639", "http://pathwaycommons.org/pc12/Catalysis_3841c996b7cbd9050a76972ea3c65d71" ],
      "target" : "WWTR1"
    }
  }, {
    "data" : {
      "tooltipText" : "WWTR1-S89",
      "edgeType" : "phosphorylates",
      "source" : "LATS1",
      "pcLinks" : [ "http://identifiers.org/reactome/R-HSA-2060328", "PMID:21808241", "PMID:20412773", "http://pathwaycommons.org/pc12/Catalysis_c9cd4bb2fabae9d23509a75cb280a85c", "PMID:22658639" ],
      "target" : "WWTR1"
    }
  }, {
    "data" : {
      "tooltipText" : "PRKCD-Y311-Y313-S664-T507",
      "edgeType" : "phosphorylates",
      "source" : "HCK",
      "pcLinks" : [ "http://pathwaycommons.org/pc12/TransportWithBiochemicalReaction_dd60e973a6b85bf874b2f80005003cd0", "http://pathwaycommons.org/pc12/BiochemicalReaction_368f7fe712f290bac8b0c0a9a9ff05f2", "PMID:20190138", "http://pathwaycommons.org/pc12/SmallMolecule_c4bc28d10fa9bbdf311182463f74550d", "http://pathwaycommons.org/pc12/Catalysis_f8403b348260e98eacb65332437cbab0", "http://pathwaycommons.org/pc12/BiochemicalReaction_939f39f56c819375fe0f969cc8ee73ca", "http://pathwaycommons.org/pc12/Catalysis_152412aeecad8578dae57d90e28cf4bd", "http://pathwaycommons.org/pc12/Catalysis_4d2ef9faf8d866af6ec9ea2ffb8a84da" ],
      "target" : "PRKCD"
    }
  }, {
    "data" : {
      "tooltipText" : "PRKCB-T634-T499-T323-S15-T313-T641-T16-S660",
      "edgeType" : "phosphorylates",
      "source" : "YES1",
      "pcLinks" : [ "http://pathwaycommons.org/pc12/Catalysis_6ebebfd4558f03a00f08e0547ea26b60", "http://pathwaycommons.org/pc12/SmallMolecule_c4bc28d10fa9bbdf311182463f74550d", "http://pathwaycommons.org/pc12/BiochemicalReaction_939f39f56c819375fe0f969cc8ee73ca", "http://pathwaycommons.org/pc12/BiochemicalReaction_686d85d2b28e9a341a405f893d52cdd7", "http://pathwaycommons.org/pc12/Catalysis_4d2ef9faf8d866af6ec9ea2ffb8a84da" ],
      "target" : "PRKCB"
    }
  } ]
}